Site ID,Agency ID,Site Name,Hours Monday,Hours Tuesday,Hours Wednesday,Hours Thursday,Hours Friday,Hours Saturday,Hours Sunday,Website,Phone Number,Address,Building Floor Suite,City,Borough,Zip Code,Latitude,Longitude,Intake,Low Cost,Free220,Mount Sinai Health System,The Spencer Cox Center for Health - Samuels Clinic,9:00am-4:30pm,9:00am-4:30pm,9:00am-4:30pmM,11:00am-6:30pm,9:00am-4:30pm,CLOSED,CLOSED,,(212) 523-6500,1000 10th Avenue Suite 2T,,NEW YORK,MANHATTAN,10019,40.770297,-73.987689,Walk-ins welcome,FALSE,TRUE185,Planned Parenthood-New York City Chapter,PPNYC Project Street Beat,CLOSED,"9:00 AM - 11:30 AM, 1:30 PM - 3:30 PM","9:00 AM - 11:30 AM, 1:30 PM - 3:30 PM","9:00 AM - 11:30 AM, 1:30 PM - 3:30 PM",1:30 PM - 3:30 PM,9:00 AM - 2:30 PM,CLOSED,,(212) 965-7000,349 East 149th Street,,BRONX,BRONX,10451,40.81667,-73.919959,Walk-ins welcome,FALSE,TRUE233,Voces Latinas,Voces Latinas,10am-6pm,10am-6pm,10am-6pm,10am-6pm,10am-6pm,10am-6pm,,http://voceslatinas.org/,(718) 593-4528,37-63C 83rd Street,Suite 1B (basement),JACKSON HEIGHTS,QUEENS,11372,40.749486,-73.883306,Walk-ins welcome,FALSE,TRUE523,William F. Ryan Community Health Network,William F. Ryan Community Health Center,8:30 AM - 6:00 PM,8:30 AM - 4:00 PM,8:30 AM - 4:00 PM,8:30 AM - 6:00 PM,8:30 AM - 4:00 PM,9:30 AM - 1:00 PM,CLOSED,http://www.ryancenter.org/find.htm; http://std-clinics.healthgrove.com/l/4155/William-F-Ryan-Community-Health-Center,212-749-1820,110 West 97th Street,,NEW YORK,MANHATTAN,10025,40.79381,-73.967655,Walk-ins welcome,FALSE,TRUE57,Community Healthcare Network,Community Healthcare Network - Seward Park Campus SBHC,OPEN DURING SCHOOL HOURS,OPEN DURING SCHOOL HOURS,OPEN DURING SCHOOL HOURS,OPEN DURING SCHOOL HOURS,OPEN DURING SCHOOL HOURS,CLOSED,CLOSED,http://www.chnnyc.org/our-locations/seward-park-campus-sbhc,212-432-8490,350 Grand Street,Room 240,NEW YORK,MANHATTAN,10002,40.716778,-73.989337,Walk-ins welcome,TRUE,TRUE50,Children's Aid Society,Children's Aid Society - Bronx Health Services,9:00 AM - 5:00 PM,10:00 AM - 6:00 PM,10:00 AM - 6:00 PM,10:00 AM - 6:00 PM,9:00 AM - 5:00 PM,CLOSED,CLOSED,www.childrensaidsociety.org,347-767-2200,910 E. 172nd St.,,BRONX,BRONX,10460,40.834198,-73.890157,Walk-ins welcome,TRUE,TRUE214,SUNY Downstate Medical Center Suny Downstate Medical Center,SUNY Downstate Medical Center STAR Health Center,9:00 AM - 3:00 PM,9:00 AM - 3:00 PM,9:00 AM - 3:00 PM,CLOSED,CLOSED,CLOSED,CLOSED,http://www.downstate.edu/hiv/AETC.html,(718) 270-7293,470 Clarkson Avenue,"STAR Program, MSC 1240",BROOKLYN,BROOKLYN,11203,40.655781,-73.944,Walk-ins welcome,FALSE,TRUE130,NYU Lutheran Medical Center,Lutheran Medical Center - Shore Road Family Health Center,8:30 AM - 7:00 PM,8:30 AM - 5:00 PM,8:30 AM - 7:00 PM,8:30 AM - 7:00 PM,8:30 AM - 5:00 PM,8:30 AM - 5:00 PM,CLOSED,,(718) 630-8870,9000 Shore Road,,BROOKLYN,BROOKLYN,11209,40.622093,-74.040244,Walk-ins welcome,FALSE,TRUE176,New York Harm Reduction Educators,New York Harm Reduction Educators,9:00 AM - 4:30 PM,9:00 AM - 4:30 PM,9:00 AM - 4:30 PM,9:00 AM - 4:30 PM,2:00 PM - 4:30 PM,9:00 AM - 4:30 PM,CLOSED,http://www.nyhre.org/,212-828-8464,1991A Lexington Ave.,,NEW YORK,BRONX,10035,40.802126,-73.939048,Walk-ins welcome,FALSE,TRUE27,Bronx - Lebanon Hospital Center,Bronx - Lebanon Emergency Department,24 hrs,24 hrs,24 hrs,24 hrs,24 hrs,24 hrs PM,24 hrs,http://www.bronxcare.org/,(718) 590-1800 x5850,1650 Grand Concourse,1st Floor,BRONX,BRONX,10457,40.843469,-73.911831,Walk-ins welcome,FALSE,TRUE227,ACACIA Network ed for Community Empowerment,United Bronx Parents - La Casa de Salud,9:00 AM - 5:00 PM,9:00 AM - 5:00 PM,9:00 AM - 5:00 PM,9:00 AM - 5:00 PM,9:00 AM - 5:00 PM,8:00 AM- NOON,CLOSED,,(718) 842-1412,966 Prospect Avenue,,BRONX,BRONX,10459,40.822987,-73.900235,Walk-ins welcome,FALSE,TRUE144,Montefiore Medical Center,Montefiore Adolescent AIDS Program,8:30 AM - 5:00 PM,8:30 AM - 5:00 PM,8:30 AM - 5:00 PM,8:30 AM - 5:00 PM,8:30 AM - 5:00 PM,CLOSED,CLOSED,www.adolescentaids.org,(718) 882-0023,3514 Wayne Avenue,,BRONX,BRONX,10467,40.88099,-73.877495,Walk-ins welcome,FALSE,TRUE379,Joseph P. Addabbo Family Health Center,Joseph P. Addabbo Family Health Center,9am-4pm,9am-4pm,9am-4pm,9am-4pm,9am-4pm,9am-1pm,,,(718) 945-7150,114-49 Sutphin Boulevard,,JAMAICA,QUEENS,11434,40.685241,-73.793093,Walk-ins welcome,FALSE,TRUE40,Brooklyn Plaza Medical Center,Brooklyn Plaza Medical Center,9:00 AM - 5:00 PM,9:00 AM - 5:00 PM,9:00 AM - 5:00 PM,9:00 AM - 5:00 PM,9:00 AM - 5:00 PM,CLOSED,CLOSED,www.brooklynplaza.org,(718) 596-9800 ext. 249 or 288,650 Fulton Street,,BROOKLYN,BROOKLYN,11217,40.686819,-73.975701,Walk-ins welcome,FALSE,TRUE19,BOOM! Health,BOOM! Health Prevention Center,9:00 AM - 5:00 PM,9:00 AM - 5:00 PM,9:00 AM - 5:00 PM,9:00 AM - 5:00 PM,9:00 AM - 5:00 PM,CLOSED,CLOSED,http://www.boomhealth.org/,(718) 295-5690,3144 3rd Ave,2nd Floor,BRONX,BRONX,10451,40.822353,-73.910576,Walk-ins welcome,FALSE,TRUE203,St. Ann's Corner of Harm Reduction,St. Ann's Corner of Harm Reduction,8:30 AM - 5:00 PM,8:30 AM - 5:00 PM,8:30 AM - 5:00 PM,8:30 AM - 6:30 PM,8:30 AM - 5:00 PM,CLOSED,CLOSED,http://www.sachr.org,(718) 585-5544,886 Westchester Ave.,1st Floor,BRONX,BRONX,10459,40.820774,-73.899454,Walk-ins welcome,FALSE,TRUE224,Union Community Health Center,Union Community Health Center,9:00 AM - 4:00 PM,9:00 AM - 4:00 PM,9:00 AM - 4:00 PM,9:00 AM - 4:00 PM,9:00 AM - 4:00 PM,CLOSED,CLOSED,http://www.uchcbronx.org/,(718) 220-2020 ext 8263,2021 Grand Concourse,,BRONX,BRONX,10453,40.851812,-73.904121,Walk-ins welcome,FALSE,TRUE795,Community Health Action of Staten Island (CHASI),Community Health Action of Staten Island- Hyatt Street,9:00 AM - 4:00 PM,19:00 AM - 4:00 PM,9:00 AM - 4:00 PM,9:00 AM - 4:00 PM,9:00 AM - 4:00 PM,CLOSED,CLOSED,www.chasiny.org,718-808-1311,23 Hyatt Street,,Staten Island,STATEN ISLAND,10301,40.6419,-74.077205,Walk-ins welcome,FALSE,TRUE517,Mount Sinai Health System,The Spencer Cox Center for Health - West 17th Street Clinic,9:00am-4:30pm,9:00am-4:30pm,9:00am-4:30pm,11:00am-6:30pm,9:00am-4:30pm,Closed,Closed,http://centerforcare.org/contact/west-17th-street-clinic/,(212) 523-6500,230 West 17th StreetStreet,,NEW YORK,MANHATTAN,10011,,,Walk-ins welcome,FALSE,TRUE20,BOOM! Health,BOOM! Health Harm Reduction Center,9:00 AM - 7:30 PM,9:00 AM - 7:30 PM,9:00 AM - 7:30 PM,9:00 AM - 7:30 PM,9:00 AM - 7:30 PM,10:00 AM - 6:00 PM,10:00 AM - 6:00 PM,http://www.boomhealth.org/,(718) 292-7718,226 East 144th Street,1st & 3rd Floor,BRONX,BRONX,10451,40.81579,-73.925361,Walk-ins welcome,FALSE,TRUE76,Dominican Sisters Family Health Services,Dominican Sisters Family Health Services,8:30am-4:30pm,8:30am-4:30pm,8:30am-4:30pm,8:30am-4:30pm,,,,dsfhs.org,(718) 665-6558,279 Alexander Avenue,,BRONX,BRONX,10454,40.810865,-73.924561,Walk-ins welcome,FALSE,TRUE74,NYC DOHMH STD Control,Crown Heights STD Clinic,8:30 AM - 3:30 PM.,8:30 AM - 3:30 PM.,8:30 AM - 3:30 PM.,8:30 AM - 3:30 PM.,8:30 AM - 3:30 PM.,CLOSED,CLOSED,,N/A,1218 Prospect Place,1st Floor,BROOKLYN,BROOKLYN,11213,40.67353,-73.935845,Walk-ins welcome,TRUE,TRUE45,Caribbean Women's Health Association,Caribbean Women's Health Association,9:30 AM - 4:30 PM,9:30 AM - 4:30 PM,9:30 AM - 4:30 PM,9:30 AM - 4:30 PM,9:30 AM - 4:30 PM,CLOSED,CLOSED,www.cwha.org,(718) 826-2942,3512 Church Avenue,,BROOKLYN,BROOKLYN,11203,40.651069,-73.944541,Walk-ins welcome,FALSE,TRUE64,Community Healthcare Network,Community Healthcare Network - Catherine M. Abate Center,9:00 AM - 5:00 PM,:00 AM - 5:00 PM,9:00 AM - 7:00 PM,9:00 AM - 7:00 PM,:00 AM - 5:00 PM,8:30 AM - 3:30 PM,CLOSED,http://www.chnnyc.org/our-locations/catherine-m-abate-health-center-formerly-the-downtown-health-center,(212)-477-1120,150 Essex Street,,NEW YORK,MANHATTAN,10002,40.720576,-73.98715,Walk-ins welcome,TRUE,TRUE204,SBH Health System,St. Barnabas Hospital,9:00 AM - 5:00 PM,9:00 AM - 5:00 PM,9:00 AM - 5:00 PM,9:00 AM - 5:00 PM,9:00 AM - 5:00 PM,CLOSED,CLOSED,www.sbhny.org,718-960-9400,4487 3rd Avenue,,BRONX,BRONX,10457,40.853237,-73.891742,Walk-ins welcome,FALSE,TRUE73,NYC DOHMH STD Control,Corona STD Clinic,CLOSED,CLOSED,8:30 AM - 3:30 PM,CLOSED,8:30 AM - 3:30 PM,CLOSED,CLOSED,,N/A,34-33 Junction Boulevard,,JACKSON HEIGHTS,MANHATTAN,11372,40.754179,-73.872231,Walk-ins welcome,TRUE,TRUE653,Soundview,Soundview Health Center,8:30 AM - 5:30 PM,8:30 AM - 8:30 PM,8:30 AM - 8:30 PM,8:30 AM - 8:30 PM,8:30 AM - 5:30 PM,8:30 AM - 1:00 PM,CLOSED,,(718) 589-2232,731 White Plains Road,,BRONX,BRONX,10473,40.821254,-73.858098,Walk-ins welcome,FALSE,TRUE652,NYC DOHMH STD Control,Riverside STD Clinic,CLOSED,"8:30 AM - 3:00 PM, 5:00 PM - 7:00 PM",8:30 AM - 3:00 PM,"8:30 AM - 3:00 PM, 5:00 PM - 7:00 PM",8:30 AM - 3:00 PM,8:30 AM - 3:00 PM,,,N/A,160 West 100th Street,,NEW YORK,MANHATTAN,10025,40.796407,-73.967932,Walk-ins welcome,TRUE,TRUE162,Morris Heights Health Center,MHHC at 137th/St. Ann's,8:30AM - 5:00PM,8:30AM - 6:00PM,8:30AM - 5:00PM,8:30AM - 6:00PM,9:30 AM - 5:00 PM,CLOSED,CLOSED,http://www.mhhc.org/locations/mhhc-at-137th-street/,(718) 401-6578,625 East 137th Street,,BRONX,BRONX,10454,40.805397,-73.916223,Walk-ins welcome,FALSE,TRUE320,After Hours Project,After Hours Project,10:00AM - 6:00PM,10:00AM - 6:00PM,10:00AM - 6:00PM,10:00AM - 6:00PM,9:00AM - 5:00PM,CLOSED,CLOSED,http://www.afterhoursproject.org/,(718) 249-0755,1204 Broadway,,BROOKLYN,BROOKLYN,11221,40.692107,-73.926657,Walk-ins welcome,FALSE,TRUE588,Mount Sinai Health System,Mount Sinai - Samuels Clinic,9:00am-4:30pm,9:00am-4:30pm,9:00am-4:30pm,9:00am-4:30pm,9:00am-4:30pm,,,http://www.mountsinaihealth.org/patient-care/infectious-diseases,,1000 Tenth Avenue,Suide 2T,New York,Manhattan,10019,40.770297,-73.987689,Walk-ins welcome,FALSE,TRUE62,Community Healthcare Network,Community Healthcare Network - Caribbean House Health Center,9:00AM - 5:00PM,10:00 PM - 8:00 PM,9:00AM - 5:00PM,9:00AM - 5:00PM,9:00AM - 5:00PM,8:30 AM- 3:30 PM,CLOSED,http://www.chnnyc.org/our-locations/caribbean-house-health-center,(718) 778-0198,1167 Nostrand Avenue,,BROOKLYN,BROOKLYN,11225,40.658982,-73.950435,Walk-ins welcome,TRUE,TRUE110,Iris House,Iris House Main Administration Office,10-5PM,10-5PM,10-5PM,10-5PM,10-5PM,,,http://www.irishouse.org/,646-548-0100,2348 Adam Clayton Powell Jr. Boulevard,,NEW YORK,MANHATTAN,10030,,,Walk-ins welcome,FALSE,TRUE535,Community Health Action of Staten Island (CHASI),Staten Island LGBT Center,1:00 PM- 8:00 PM,1:00 PM- 8:00 PM,1:00 PM- 8:00 PM,1:00 PM- 8:00 PM,1:00 PM- 8:00 PM,CLOSED,CLOSED,http://chasiny.org,718-808-1360,25 Victory Boulevard,3rd Floor,STATEN ISLAND,STATEN ISLAND,10301,40.637778,-74.07614,Walk-ins welcome,FALSE,TRUE135,NYC DOHMH STD Control,Manhattanville Renaissance STD Clinic,8:30 AM - 3:30 PM,8:30 AM - 3:30 PM,8:30 AM - 3:30 PM,8:30 AM - 3:30 PM,8:30 AM - 3:30 PM,CLOSED,CLOSED,,N/A,21 Old Broadway,2nd Floor,NEW YORK,MANHATTAN,10027,40.815573,-73.956864,Walk-ins welcome,TRUE,TRUE663,Bedford Stuyvesant Family Health Center,Broadway Family Health Center (Bed Stuy Family Health Center),9:00 AM- 7:00 PM,9:00 AM- 7:00 PM,9:00 AM- 5:00 PM,9:00 AM- 3:00 PM,9:00 AM- 3:00 PM,,,http://www.bsfhc.org/,718-443-2428,1238 Broadway,,BROOKLYN,BROOKLYN,11221,40.691626,-73.925814,Walk-ins welcome,TRUE,TRUE22,Bronx - Lebanon Hospital Center,Bronx - Lebanon Center for Comprehensive Care,9:00 AM - 4:30 PM,9:00 AM - 4:30 PM,9:00 AM - 4:30 PM,9:00 AM - 4:30 PM,9:00 AM - 4:30 PM,CLOSED,CLOSED,http://www.bronxcare.org/,(718) 590-1800 x2010,1650 Selwyn Avenue,9th Floor,BRONX,BRONX,10457,40.843248,-73.910407,Walk-ins welcome,FALSE,TRUE563,Bridging Access to Care,Bridging Access to Care - Utica Avenue/Crown Heights,9am-5pm,9am-8pm,9am-5pm,9am-8pm,9am-5pm,,,http://www.bac-ny.org/ny/index.php/about-us/office-locations/utica-avenue-crown-heights,347-505-5000,145-147 Utica Avenue,,BROOKLYN,BROOKLYN,11213,40.673835,-73.930632,Walk-ins welcome,FALSE,TRUE52,Clergy United for Community Empowerment,Clergy United for Community Empowerment,10am-4pm,10am-4pm,10am-4pm,10am-4pm,10am-4pm,,,www.cucegroup.org,(718) 297-0720,172-17 Linden Boulevard,2nd Floor,QUEENS,QUEENS,11434,40.691941,-73.778064,Walk-ins welcome,FALSE,TRUE47,NYC DOHMH STD Control,Central Harlem STD Clinic,CLOSED,8:30 AM - 3:30 PM,8:30 AM - 3:30 PM,8:30 AM - 3:30 PM,8:30 AM - 3:30 PM,8:30 AM - 3:30 PM,CLOSED,,N/A,2238 5th Avenue,1st Floor,NEW YORK,MANHATTAN,10037,40.813645,-73.936992,Walk-ins welcome,TRUE,TRUE232,VIP Community Services,VIP Community Services,9:00 AM - 4:00 PM,9:00 AM - 4:00 PM,9:00 AM - 4:00 PM,9:00 AM - 4:00 PM,9:00 AM - 4:00 PM,CLOSED,CLOSED,,718-583-5150,1910 Arthur Avenue,,BRONX,BRONX,10457,40.845391,-73.8935,Walk-ins welcome,FALSE,TRUE321,Aid for AIDS,Aid for AIDS,9:00 AM - 5:00 PM,9:00 AM - 5:00 PM,9:00 AM - 5:00 PM,9:00 AM - 5:00 PM,9:00 AM - 5:00 PM,CLOSED,CLOSED,http://aidforaids.org/new-york/,(212) 337-8043,515 Greenwich Street,Suite 506,NEW YORK,MANHATTAN,10013,40.726099,-74.009067,Walk-ins welcome,FALSE,TRUE127,NYU Lutheran Medical Center,Lutheran Medical Center - Family Physician Family Health Center,CLOSED,CLOSED,8:30 AM -5:30 PM,8:30 AM -5:30 PM,9:00 AM - 11:30 AM,CLOSED,CLOSED,,(718) 439-5440,5616 6th Avenue,,BROOKLYN,BROOKLYN,11220,40.640272,-74.011772,Walk-ins welcome,FALSE,TRUE86,Gay Men of African Descent,Gay Men of African Descent,10:00 AM - 6:00 PM,10:00 AM - 6:00 PM,10:00 AM - 6:00 PM,10:00 AM - 6:00 PM,10:00 AM - 6:00 PM,CLOSED,CLOSED,gmad.org,(718) 222-6300,540 Atlantic Avenue,Lower Level,BROOKLYN,BROOKLYN,11217,40.684973,-73.979823,Walk-ins welcome,FALSE,TRUE164,Morris Heights Health Center,MHHC Walton,8:30 AM - 6:30 PM,8:30 - AM - 5:00 PM,8:30 - AM - 5:00 PM,8:30 - AM - 5:00 PM,8:30 - AM - 5:00 PM,CLOSED,CLOSED,http://www.mhhc.org/locations/mhhc-at-walton-avenue/,(718) 839-8900,25 East 183rd Street,,BRONX,BRONX,10453,40.858511,-73.903099,Walk-ins welcome,FALSE,TRUE131,NYU Lutheran Medical Center,Lutheran Medical Center,8:30 AM - 8:30 PM,8:30 AM - 8:30 PM,8:30 AM - 8:30 PM,8:30 AM - 8:30 PM,8:30 AM - 5:00 PM,9:00 AM - 5:00 PM,CLOSED,,(718) 630-7095,150 55th Street,,BROOKLYN,BROOKLYN,11220,40.646941,-74.02093,Walk-ins welcome,FALSE,TRUE2,Project Hospitality,Project Hospitality- SHINE Center,9:00am- 5:00pm,9:00am- 5:00pm,9:00am- 5:00pm,9:00am- 5:00pm,9:00am- 5:00pm,,,www.projecthospitality.org,(718) 815-0800,150D Richmond Terrace,,STATEN ISLAND,STATEN ISLAND,10301,         ,           ,Walk-ins welcome,FALSE,TRUE151,Montefiore Medical Center,Montefiore Family Health Center - East 193rd,8:30 AM - 7:00 PM,8:00 AM - 4:00 PM,8:30 AM - 7:00 PM,8:00 AM - 4:00 PM,8:00 AM - 4:00 PM,CLOSED,CLOSED,,(718) 933-2400,360 East 193rd Street,,BRONX,BRONX,10458,40.863191,-73.891056,Walk-ins welcome,FALSE,TRUE177,New York Presbyterian Hospital,NYP/Columbia University Medical Center - Harkness Pavillion,8:30 AM - 4:00PM,8:30 AM - 4:00PM,8:30 AM - 4:00PM,8:30 AM - 4:00PM,8:30 AM - 4:00PM,CLOSED,CLOSED,,(212) 342-1687,180 Fort Washington Avenue,6th floor,NEW YORK,MANHATTAN,10032,40.841402,-73.942568,Walk-ins welcome,FALSE,TRUE752,Walgreens/Duane Reade,Walgreens-Community Pharmacy Walgreens,2:30 PM- 6:00 PM,2:30 PM- 6:00 PM,2:30 PM- 6:00 PM,2:30 PM- 6:00 PM,CLOSED,CLOSED,CLOSED,,(212) 691-9050,205 8th Avenue,,NEW YORK,MANHATTAN,10011,40.743696,-73.999657,Walk-ins welcome,FALSE,TRUE133,NYU Lutheran Medical Center,Lutheran Medical Center - Sunset Terrace Family Health Center,9:00 AM - 5:00 PM,9:00 AM - 5:00 PM,9:00 AM - 5:00 PM,9:00 AM - 5:00 PM,9:00 AM - 4:00 PM,CLOSED,CLOSED,,(718) 431-2645,514 49th Street,,BROOKLYN,BROOKLYN,11220,40.645329,-74.009193,Walk-ins welcome,FALSE,TRUE87,GMHC,GMHC,9:30am-4:30pm,9:30am-4:30pm,9:30am-12:30pm; 2:30pm-4:30pm,9:30am-4pm*,12:30pm-7pm,,,gmhc.org,(212)367-1100,224 West 29th Street,Ground floor,NEW YORK,MANHATTAN,10001,40.748233,-73.993825,Walk-ins welcome,FALSE,TRUE139,MIC Women's Health Center,MIC Women's Health Center--Fort Greene,9:00 AM- 5:00 PM,9:00 AM- 5:00 PM,9:00 AM- 5:00 PM,9:00 AM- 5:00 PM,9:00 AM- 5:00 PM,CLOSED,CLOSED,,718-522-1144,295 Flatbush Avenue Extension,3rd Floor,BROOKLYN,BROOKLYN,11201,40.691986,-73.982496,Walk-ins welcome,TRUE,TRUE82,NYC DOHMH STD Control,Fort Greene STD Clinic,CLOSED,8:30 AM - 3:30 PM,8:30 AM - 3:30 PM,8:30 AM - 3:30 PM,8:30 AM - 3:30 PM,8:30 AM - 3:30 PM,CLOSED,,N/A,295 Flatbush Avenue Extension,2nd Floor,BROOKLYN,BROOKLYN,11201,40.691986,-73.982496,Walk-ins welcome,TRUE,TRUE670,Children's Aid Society,Chidlren's Aid Society - Milbank Health Services,9:00 AM - 5:00 PM,11:00 AM - 7:00 PM,9:00 AM - 5:00 PM,11:00 AM - 7:00 PM,9:00 AM - 5:00 PM,CLOSED,CLOSED,www.childrensaidsociety.org,212-369-8339,1432 W. 118th St.,,NEW YORK,MANHATTAN,10026,,,Walk-ins welcome,TRUE,TRUE755,MIC Women's Health Center,MIC Women's Health Center- Eastern Parkway,9:00 AM- 5:00 PM,9:00 AM- 5:00 PM,9:00 AM- 5:00 PM,9:00 AM- 5:00 PM,9:00 AM- 5:00 PM,CLOSED,CLOSED,,718-498-1001,1873 Eastern Parkway,,BROOKLYN,BROOKLYN,11233,40.676566,-73.908064,Walk-ins welcome,TRUE,TRUE101,The Institute for Family Health,IFH Urban Horizons Family Health Center,8:30 AM - 5:00 PM,8:30 AM - 5:00 PM,8:30 AM - 5:00 PM,8:30 AM - 5:00 PM,8:30 AM - 5:00 PM,"2nd and 4th Saturdays, 8:30 AM - 5:30 PM",CLOSED,,(718) 293-3900,50 East 168th Street,Lower Level,BRONX,BRONX,10452,40.836725,-73.919292,Walk-ins welcome,FALSE,TRUE39,Brooklyn Hospital Center,Brooklyn Hospital Center - Path Center - Church Avenue,9:00 AM - 4:00 PM,9:00 AM - 4:00 PM,9:00 AM - 4:00 PM,9:00 AM - 4:00 PM,9:00 AM - 4:00 PM,CLOSED,CLOSED,www.tbh.org,(718) 826-5626,2222 Church Avenue,,BROOKLYN,BROOKLYN,11226,40.650413,-73.958052,Walk-ins welcome,FALSE,TRUE193,Promesa,Promesa,9:00 AM - 5:00 PM,9:00 AM - 5:00 PM,9:00 AM - 5:00 PM,9:00 AM - 5:00 PM,9:00 AM - 5:00 PM,CLOSED,CLOSED,,(718) 299-1100,1776 Clay Avenue,,BRONX,BRONX,10457,40.846109,-73.904721,Walk-ins welcome,FALSE,TRUE353,Exponents,Exponents,9am-5pm,9am-5pm,9am-5pm,9am-5pm,9am-5pm,10am-3pm,10am-3pm,http://www.exponents.org/,(212) 243-3434,2 Washington St,4th Floor,NEW YORK,MANHATTAN,10004,40.705137,-74.015585,Walk-ins welcome,FALSE,TRUE12,African Services Committee,African Services Committee,9:00am-4:00pm,9:00am-4:00pm,9:00am-4:00pm,9:00am-4:00pm,9:00am-4:00pm,CLOSED,CLOSED,http://www.africanservices.org/,212-222-3882,429 W 127th St. 2nd Fl.,,NEW YORK,MANHATTAN,10027,40.813002,-73.953849,Walk-ins welcome,FALSE,TRUE507,Harlem United,Harlem United,,10am-2pm,10am-2pm,10am-2pm,,,,,(212) 289-2378 ext. 1334,290 Lenox Ave.,Lower Level,NEW YORK,MANHATTAN,10027,40.807457,-73.945704,Walk-ins welcome,FALSE,TRUE69,Community Healthcare Network,Community Healthcare Network - Long Island City Health Center,9:00 AM - 5:00 PM,9:00 AM - 5:00 PM,9:00 AM - 5:00 PM,9:00 AM - 5:00 PM,9:00 AM - 5:00 PM,8:30 AM- 3:30 PM,CLOSED,http://www.chnnyc.org/our-locations/long-island-city-health-center,(718)-482-7772,36-11 21st Street,,ASTORIA,QUEENS,11106,40.759617,-73.937033,Walk-ins welcome,TRUE,TRUE163,Morris Heights Health Center,MHHC 85 W Burnside,5:00 PM - 8:00 PM,CLOSED,8:30AM - 8:00PM,CLOSED,CLOSED,CLOSED,CLOSED,http://www.mhhc.org/locations/85-west-burnside/,(718) 716-4400,85 West Burnside Avenue,,BRONX,BRONX,10453,40.854655,-73.91063,Walk-ins welcome,FALSE,TRUE187,Project Hospitality,Project Hospitality Walk-In Clinic,,Walk in available: 9:00 AM - 5:00 PM,,Walk in available: 9:00 AM - 1:00 PM,,,,http://www.projecthospitality.org/,(718) 876-7716,514 Bay Street,,STATEN ISLAND,STATEN ISLAND,10301,40.629461,-74.076643,Walk-ins welcome,FALSE,TRUE170,Mount Sinai Health System,Mount Sinai Adolescent Health Center,9:00 AM - 4:30 PM,9:00 AM - 4:30 PM,9:00 AM - 4:30 PM,12:30 PM - 5:00 PM,9:00 AM - 5:00 PM,9:00 AM - 4:30 PM,CLOSED,,(212) 423-2900,312-320 East 94th Street,,NEW YORK,MANHATTAN,10028,40.782701,-73.947486,Walk-ins welcome,TRUE,TRUE783,Housing Works Housing Works,East New York Community Health Center,9:00 AM- 5:00 PM,9:00 AM- 5:00 PM,9:00 AM- 5:00 PM,9:00 AM- 5:00 PM,9:00 AM- 5:00 PM,,,,718-827-8700,2640 Pitkin Ave,,Brooklyn,BROOKLYN,,,,Walk-ins welcome,FALSE,TRUE67,Community Healthcare Network,Community Healthcare Network - Helen B Atkinson Health Center,9:00AM - 5:00PM,9:00AM - 5:00PM,9:00AM - 7:00PM,9:00AM - 5:00PM,9:00AM - 5:00PM,9:00AM - 4:00PM,CLOSED,http://www.chnnyc.org/our-locations/helen-b-atkinson-health-center,(212)-426-0088,81 West 115th Street,,NEW YORK,MANHATTAN,10026,40.801163,-73.949765,Walk-ins welcome,TRUE,TRUE192,Promesa,Promesa Park Avenue Family Health Center,9:00 AM - 5:00 PM,9:00 AM - 5:00 PM,9:00 AM - 5:00 PM,9:00 AM - 5:00 PM,9:00 AM - 5:00 PM,CLOSED,CLOSED,,(718) 466-1574,4196 Park Avenue,,BRONX,BRONX,10457,40.847172,-73.899598,Walk-ins welcome,FALSE,TRUE376,Housing Works Housing Works,Housing Works,10:00 AM- 4:00 PM,10:00 AM- 4:00 PM,10:00 AM- 4:00 PM,10:00 AM- 4:00 PM,10:00 AM- 4:00 PM,,,,(347)-473-7400,57 Willoughby St,Basement,BROOKLYN,BROOKLYN,11201,40.692217,-73.986665,Walk-ins welcome,FALSE,TRUE60,Community Healthcare Network,Community Healthcare Network - Bronx Health Center,9:00AM - 6:00PM,9:00AM - 5:00PM,10:00AM - 6:00PM,9:00AM - 7:00PM,9:00AM - 5:00PM,8:30AM - 3:30PM,CLOSED,http://www.chnnyc.org/our-locations/bronx-health-center,(718) 320-4466,975 Westchester Avenue,,BRONX,BRONX,10459,40.822988,-73.895187,Walk-ins welcome,TRUE,TRUE323,AIDS Healthcare Foundation,AIDS Healthcare Foundation-Out of the Closet,10:00AM- 7:00 PM,10:00AM- 7:00 PM,10:00AM- 7:00 PM,10:00AM- 7:00 PM,10:00AM- 7:00 PM,10:00AM- 7:00 PM,CLOSED,http://www.aidshealth.org/#/,718-637-2955,475 Atlantic Avenue,,BROOKLYN,BROOKLYN,11217,40.685797,-73.981889,Walk-ins welcome,FALSE,TRUE126,NYU Lutheran Medical Center,Lutheran Medical Center - Caribbean - American Family Health Center,8:00 AM -8:00 PM,8:00 AM -8:00 PM,8:00 AM -8:00 PM,8:00 AM -8:00 PM,8:00 AM -8:00 PM,8:00 AM - 4:00 PM,CLOSED,,(718) 630-2197,3414 Church Avenue,,BROOKLYN,BROOKLYN,11203,40.651014,-73.945471,Walk-ins welcome,FALSE,TRUE175,Narco Freedom,Narco Freedom - East 149th St.,8:00 AM - 2:30 PM,8:00 AM - 2:30 PM,8:00 AM - 2:30 PM,8:00 AM - 2:30 PM,CLOSED,CLOSED,CLOSED,http://www.narcofreedom.com/,(718) 665-4300,324 East 149th Street,,BRONX,BRONX,10451,40.816852,-73.920725,Walk-ins welcome,FALSE,TRUE219,Mount Sinai Health System,The Spencer Cox Center for Health - Morningside Clinic,9:00am-4:30pm,9:00am-4:30pm,9:00am-4:30pm,11:00am-6:30pm,9:00am-4:30pm,CLOSED,CLOSED,,(212) 523-6500,390 W 114th Street,3rd Floor,NEW YORK,MANHATTAN,10025,40.803842,-73.958096,Walk-ins welcome,FALSE,TRUE38,Brooklyn Hospital Center,Brooklyn Hospital Center - Path Center - Dekalb,9:00 AM - 4:00 PM,9:00 AM - 4:00 PM,9:00 AM - 4:00 PM,9:00 AM - 4:00 PM,9:00 AM - 4:00 PM,CLOSED,CLOSED,www.tbh.org,(718) 250-6552,121 Dekalb Ave.,,BROOKLYN,BROOKLYN,11201,40.689781,-73.977539,Walk-ins welcome,FALSE,TRUE37,Bridging Access to Care,Bridging Access to Care - Broadway/Williamsburg,9am-5pm,9am-5pm,9am-5pm,9am-5pm,9am-5pm,,,http://www.bac-ny.org/ny/index.php/about-us/office-locations/broadway-williamsburg,347-505-5120,260 Broadway,4th Floor,BROOKLYN,BROOKLYN,11211,40.708935,-73.959386,Walk-ins welcome,FALSE,TRUE102,The Institute for Family Health,IFH Walton Family Health Center,8:30 AM - 7:30 PM,8:30 AM - 4:30 PM,8:30 AM - 4:30 PM,10:00 AM - 4:30 PM,8:30 AM - 4:30 PM,Adults only: Sat: 8:30 AM - 3:00 PM,CLOSED,,(718) 583-3060,1894 Walton Avenue,,BRONX,BRONX,10453,40.849648,-73.909249,Walk-ins welcome,FALSE,TRUE191,Promesa,Promesa Claremont Family Health Center,9:00 AM - 5:00 PM,9:00 AM - 5:00 PM,9:00 AM - 5:00 PM,9:00 AM - 5:00 PM,9:00 AM - 5:00 PM,CLOSED,CLOSED,,(718) 299-6910,262 East 174th Street,,BRONX,BRONX,10457,40.844656,-73.906137,Walk-ins welcome,FALSE,TRUE166,Morris Heights Health Center,MHHC Women's Health Pavillion,8:00AM - 8:00PM,8:00 AM - 7:00 PM,8:00 AM - 7:00 PM,8:00 AM - 7:00 PM,8:00 AM - 7:00 PM,8:00 AM - 7:00 PM,CLOSED,http://www.mhhc.org/locations/womens-health-and-birthing-pavilion/,(718) 716-2229,70 West Burnside Avenue,,BRONX,BRONX,10453,40.854515,-73.910247,Walk-ins welcome,TRUE,TRUE156,Montefiore Medical Center,Montefiore South Bronx Health Center for Children and Families,8:30 AM - 5:30 PM,8:30 AM - 5:30 PM,8:30 AM - 7:30 PM,8:30 AM - 5:30 PM,1:00 PM - 5:00 PM,9:00 AM - 2:00 PM (Appointments Only),CLOSED,,(718) 991-0605,871 Prospect Avenue,,BRONX,BRONX,10459,40.820676,-73.901221,Walk-ins welcome,FALSE,TRUE114,NYC DOHMH STD Control,Jamaica STD Clinic,8:30 AM - 3:00 PM,8:30 AM - 3:00 PM,8:30 AM - 3:00 PM,8:30 AM - 3:00 PM,8:30 AM - 3:00 PM,CLOSED,CLOSED,,N/A,90-37 Parsons Boulevard,1st Floor,JAMAICA,QUEENS,11432,40.703826,-73.800483,Walk-ins welcome,TRUE,TRUE65,Community Healthcare Network,Community Healthcare Network - Dr Betty Shabazz Health Center,9:00AM - 5:00PM,9:00 AM - 6:00 PM,9:00 AM - 5:00 PM,9:00 AM - 6:00 PM,9:00 AM - 5:00 PM,9:00AM - 4:00PM,CLOSED,http://www.chnnyc.org/our-locations/dr-betty-shabazz-health-center,(718)-277-8303,999 Blake Avenue,,BROOKLYN,BROOKLYN,11208,40.669839,-73.881365,Walk-ins welcome,TRUE,TRUE70,Community Healthcare Network,Community Healthcare Network - Queens Health Center,10:00AM - 6:00PM,9:00AM - 5:00PM,9:00AM - 5:00PM,9:00AM - 5:00PM,9:00AM - 5:00PM,8:30AM - 3:30PM,CLOSED,http://www.chnnyc.org/our-locations/queens-health-center,(718)-657-7088,97-04 Sutphin Boulevard,1st Floor,JAMAICA,QUEENS,11435,40.697162,-73.805689,Walk-ins welcome,TRUE,TRUE381,Latino Commission on AIDS,Latino Commission on AIDS,9:30AM-7PM,9:30AM-7PM,9:30AM-7PM,9:30AM-7PM,9:30AM -4PM,N/A,N/A,,(212) 675-3288,"24 West, 25th Street",9th Floor,NEW YORK,MANHATTAN,10010,40.743383,-73.990004,Walk-ins welcome,FALSE,TRUE334,Betances Health Center,Betances Health Center,10:00 AM- 4:30 PM,10:00 AM- 4:30 PM,10:00 AM- 4:30 PM,10:00 AM- 4:30 PM,10:00 AM- 4:30 PM,CLOSED,CLOSED,http://www.betances.org/,(212) 227-8401,280 Henry Street,,NEW YORK,MANHATTAN,10022,40.71395,-73.983537,Walk-ins welcome,FALSE,TRUE107,Interfaith Medical Center,Interfaith Medical Center,24 Hrs,24 Hrs,24 Hrs,24 Hrs,24 Hrs,24 Hrs,24 Hrs,,718-613-4000,1545 Atlantic Avenue,Emergency Department,BROOKLYN,BROOKLYN,11213,40.677788,-73.937041,Walk-ins welcome,FALSE,TRUE66,Community Healthcare Network,Community Healthcare Network - Family Health Center,10:00 AM - 6:00 PM,11:00 AM- 7:00 PM,9:00 AM - 5:00 PM,9:00 AM - 5:00 PM,9:00 AM - 5:00 PM,8:30 AM - 3:30 PM,CLOSED,http://www.chnnyc.org/our-locations/family-health-center,(718)-523-2123 ,90-04 161st Street,5th Floor,JAMAICA,QUEENS,11432,40.705199,-73.799278,Walk-ins welcome,TRUE,TRUE534,Community Health Action of Staten Island (CHASI),Community Health Action of Staten Island- Community Food Pantry,9:00AM - 4:00PM,9:00AM - 4:00PM,9:00AM - 4:00PM,9:00AM - 4:00PM,9:00AM - 4:00PM,9:00AM - 4:00PM,,http://chasiny.org,718-818-1840 / 718-818-1311,2134 Richmond Terrace,,STATEN ISLAND,STATEN ISLAND,10302,40.640285,-74.134166,Walk-ins welcome,FALSE,TRUE98,HHC Ida G. Israel Community Health Center,HHC Ida G. Israel Community Health Center,8:30 AM - 7:00 PM,8:30 AM - 5:00 PM,8:30 AM - 5:00 PM,8:30 AM - 5:00 PM,8:30 AM - 5:00 PM,8:30 AM - 1:00 PM,CLOSED,,(718) 946-3400,2201 Neptune Avenue,,BROOKLYN,BROOKLYN,11224,40.578468,-73.989614,Walk-ins welcome,TRUE,TRUE13,AIDS Center of Queens County,AIDS Center of Queens County - Main,CLOSED,10:00 AM - 4:00 PM,10:00 AM - 4:00 PM,CLOSED,10:00 AM - 4:00 PM,CLOSED,CLOSED,http://www.acqc.org/,(718) 896-2500,161-21 Jamaica Avenue,6th Floor,QUEENS,QUEENS,11432,40.704249,-73.797921,Walk-ins welcome,FALSE,TRUE508,Community Healthcare Network,Community Healthcare Network - Mobile Unit,CLOSED,1:00PM - 9:00PM,CLOSED,12:00PM - 8:00PM,1:00PM - 9:00PM,CLOSED,CLOSED,"http://www.chnnyc.org/find-us/mobile-van, https://www.facebook.com/CommunityHealthcareNetwork, https://www.twitter.com/chnnyc",(212) 545-2495,,,,,,,,Walk-ins welcome,TRUE,TRUE169,NYC DOHMH STD Control,Morrisania STD Clinic,8:30 AM - 3:30 PM,8:30 AM - 3:30 PM,8:30 AM - 3:30 PM,8:30 AM - 3:30 PM,8:30 AM - 3:30 PM,CLOSED,CLOSED,,N/A,1309 Fulton Avenue,2nd Floor,BRONX,BRONX,10456,40.832853,-73.903028,Walk-ins welcome,TRUE,TRUE36,Bridging Access to Care,Bridging Access to Care - Church Avenue/Flatbush,9am-5pm,9am-5pm,9am-5pm,9am-5pm,9am-5pm,,,http://www.bac-ny.org/ny/index.php/about-us/office-locations/church-avenue-flatbush,347-505-5176,2261 Church Avenue,,BROOKLYN,BROOKLYN,11226,40.650448,-73.957663,Walk-ins welcome,FALSE,TRUE132,NYU Lutheran Medical Center,Lutheran Medical Center - Sunset Park Terrace/Women's Health Achieve Clinic,8:30 AM - 7:00 PM,8:30 AM - 7:00 PM,8:30 AM - 7:00 PM,8:30 AM - 7:00 PM,8:30 AM - 7:00 PM,9:00 AM - 4:00 PM,CLOSED,,(718) 630-6891,5610 2nd Avenue,,BROOKLYN,BROOKLYN,11220,40.645615,-74.020554,Walk-ins welcome,FALSE,TRUE129,NYU Lutheran Medical Center,Lutheran Medical Center - Park Slope Family Health Center,8:30 AM - 5:00 PM,8:30 AM - 8:00 PM,8:30 AM - 8:00 PM,8:30 AM - 8:00 PM,8:30 AM - 5:00 PM,8:30 AM - 4:30 PM,CLOSED,,(718) 832-5980,220 13th Street,,BROOKLYN,BROOKLYN,11215,40.667602,-73.990051,Walk-ins welcome,FALSE,TRUE784,Community Healthcare Network,Community Healthcare Network-- Tremont Health Center,9:00 AM- 5:00 PM,11:00 AM -7:00 PM,9:00 AM- 5:00 PM,9:00 AM- 5:00 PM,9:00 AM- 5:00 PM,8:30 AM- 3:30 PM,,,718-294-5891,4215 3rd Avenue,2nd Floor,Bronx,BRONX,10457,40.846917,-73.89606,Walk-ins welcome,TRUE,TRUE785,Community Healthcare Network,Community Healthcare Network- CABS Health Center,9:00 AM - 5:00 PM,10:00 AM- 6:00 PM,10:00 AM- 6:00 PM,9:00 AM - 5:00 PM,9:00 AM - 5:00 PM,9:00 AM- 4:00 PM,,,718-388-0390,94-98 Manhattan Avenue,,Brooklyn,BROOKLYN,11206,40.70552,-73.94464,Walk-ins welcome,TRUE,TRUE