[
  {
    "Site ID": 220,
    "Agency ID": "Mount Sinai Health System",
    "Site Name": "The Spencer Cox Center for Health - Samuels Clinic",
    "Hours Monday": "9:00am-4:30pm",
    "Hours Tuesday": "9:00am-4:30pm",
    "Hours Wednesday": "9:00am-4:30pmM",
    "Hours Thursday": "11:00am-6:30pm",
    "Hours Friday": "9:00am-4:30pm",
    "Hours Saturday": "CLOSED",
    "Hours Sunday": "CLOSED",
    "Website": "",
    "Phone Number": "(212) 523-6500",
    "Address": "1000 10th Avenue Suite 2T",
    "Building Floor Suite": "",
    "City": "NEW YORK",
    "Borough": "MANHATTAN",
    "Zip Code": 10019,
    "Latitude": 40.770297,
    "Longitude": -73.987689,
    "Intake": "Walk-ins welcome",
    "Low Cost": "FALSE",
    "Free": "TRUE"
  },
  {
    "Site ID": 185,
    "Agency ID": "Planned Parenthood-New York City Chapter",
    "Site Name": "PPNYC Project Street Beat",
    "Hours Monday": "CLOSED",
    "Hours Tuesday": "9:00 AM - 11:30 AM, 1:30 PM - 3:30 PM",
    "Hours Wednesday": "9:00 AM - 11:30 AM, 1:30 PM - 3:30 PM",
    "Hours Thursday": "9:00 AM - 11:30 AM, 1:30 PM - 3:30 PM",
    "Hours Friday": "1:30 PM - 3:30 PM",
    "Hours Saturday": "9:00 AM - 2:30 PM",
    "Hours Sunday": "CLOSED",
    "Website": "",
    "Phone Number": "(212) 965-7000",
    "Address": "349 East 149th Street",
    "Building Floor Suite": "",
    "City": "BRONX",
    "Borough": "BRONX",
    "Zip Code": 10451,
    "Latitude": 40.81667,
    "Longitude": -73.919959,
    "Intake": "Walk-ins welcome",
    "Low Cost": "FALSE",
    "Free": "TRUE"
  },
  {
    "Site ID": 233,
    "Agency ID": "Voces Latinas",
    "Site Name": "Voces Latinas",
    "Hours Monday": "10am-6pm",
    "Hours Tuesday": "10am-6pm",
    "Hours Wednesday": "10am-6pm",
    "Hours Thursday": "10am-6pm",
    "Hours Friday": "10am-6pm",
    "Hours Saturday": "10am-6pm",
    "Hours Sunday": "",
    "Website": "http://voceslatinas.org/",
    "Phone Number": "(718) 593-4528",
    "Address": "37-63C 83rd Street",
    "Building Floor Suite": "Suite 1B (basement)",
    "City": "JACKSON HEIGHTS",
    "Borough": "QUEENS",
    "Zip Code": 11372,
    "Latitude": 40.749486,
    "Longitude": -73.883306,
    "Intake": "Walk-ins welcome",
    "Low Cost": "FALSE",
    "Free": "TRUE"
  },
  {
    "Site ID": 523,
    "Agency ID": "William F. Ryan Community Health Network",
    "Site Name": "William F. Ryan Community Health Center",
    "Hours Monday": "8:30 AM - 6:00 PM",
    "Hours Tuesday": "8:30 AM - 4:00 PM",
    "Hours Wednesday": "8:30 AM - 4:00 PM",
    "Hours Thursday": "8:30 AM - 6:00 PM",
    "Hours Friday": "8:30 AM - 4:00 PM",
    "Hours Saturday": "9:30 AM - 1:00 PM",
    "Hours Sunday": "CLOSED",
    "Website": "http://www.ryancenter.org/find.htm; http://std-clinics.healthgrove.com/l/4155/William-F-Ryan-Community-Health-Center",
    "Phone Number": "212-749-1820",
    "Address": "110 West 97th Street",
    "Building Floor Suite": "",
    "City": "NEW YORK",
    "Borough": "MANHATTAN",
    "Zip Code": 10025,
    "Latitude": 40.79381,
    "Longitude": -73.967655,
    "Intake": "Walk-ins welcome",
    "Low Cost": "FALSE",
    "Free": "TRUE"
  },
  {
    "SiteID": 57,
    "AgencyID": "Community Healthcare Network",
    "SiteName": "Community Healthcare Network - Seward Park Campus SBHC",
    "HoursMonday": "OPEN DURING SCHOOL HOURS",
    "HoursTuesday": "OPEN DURING SCHOOL HOURS",
    "HoursWednesday": "OPEN DURING SCHOOL HOURS",
    "HoursThursday": "OPEN DURING SCHOOL HOURS",
    "HoursFriday": "OPEN DURING SCHOOL HOURS",
    "HoursSaturday": "CLOSED",
    "HoursSunday": "CLOSED",
    "Website": "http://www.chnnyc.org/our-locations/seward-park-campus-sbhc",
    "PhoneNumber": "212-432-8490",
    "Address": "350 Grand Street Room 240",
    "City": "NEW YORK",
    "Borough": "MANHATTAN",
    "ZipCode": 10002,
    "Latitude": 40.716778,
    "Longitude": -73.989337,
    "Intake": "Walk-ins welcome",
    "LowCost": "TRUE",
    "Free": "TRUE"
  },
  {
    "SiteID": 50,
    "AgencyID": "Children's Aid Society",
    "SiteName": "Children's Aid Society - Bronx Health Services",
    "HoursMonday": "9:00 AM - 5:00 PM",
    "HoursTuesday": "10:00 AM - 6:00 PM",
    "HoursWednesday": "10:00 AM - 6:00 PM",
    "HoursThursday": "10:00 AM - 6:00 PM",
    "HoursFriday": "9:00 AM - 5:00 PM",
    "HoursSaturday": "CLOSED",
    "HoursSunday": "CLOSED",
    "Website": "www.childrensaidsociety.org",
    "PhoneNumber": "347-767-2200",
    "Address": "910 E. 172nd St.",
    "City": "BRONX",
    "Borough": "BRONX",
    "Zip Code": 10460,
    "Latitude": 40.834198,
    "Longitude": -73.890157,
    "Intake": "Walk-ins welcome",
    "Low Cost": "TRUE",
    "Free": "TRUE"
  },
  {
    "SiteID": 214,
    "AgencyID": "SUNY Downstate Medical Center Suny Downstate Medical Center",
    "SiteName": "SUNY Downstate Medical Center STAR Health Center",
    "HoursMonday": "9:00 AM - 3:00 PM",
    "HoursTuesday": "9:00 AM - 3:00 PM",
    "HoursWednesday": "9:00 AM - 3:00 PM",
    "HoursThursday": "CLOSED",
    "HoursFriday": "CLOSED",
    "HoursSaturday": "CLOSED",
    "HoursSunday": "CLOSED",
    "Website": "http://www.downstate.edu/hiv/AETC.html",
    "PhoneNumber": "(718) 270-7293",
    "Address": "470 Clarkson Avenue MSC 1240",
    "City": "BROOKLYN",
    "Borough": "BROOKLYN",
    "ZipCode": 11203,
    "Latitude": 40.655781,
    "Longitude": -73.944,
    "Intake": "Walk-ins welcome",
    "LowCost": "FALSE",
    "Free": "TRUE"
  },
  {
    "SiteID": 130,
    "AgencyID": "NYU Lutheran Medical Center",
    "SiteName": "Lutheran Medical Center - Shore Road Family Health Center",
    "HoursMonday": "8:30 AM - 7:00 PM",
    "HoursTuesday": "8:30 AM - 5:00 PM",
    "HoursWednesday": "8:30 AM - 7:00 PM",
    "HoursThursday": "8:30 AM - 7:00 PM",
    "HoursFriday": "8:30 AM - 5:00 PM",
    "HoursSaturday": "8:30 AM - 5:00 PM",
    "HoursSunday": "CLOSED",
    "Website": "",
    "PhoneNumber": "(718) 630-8870",
    "Address": "9000 Shore Road",
    "City": "BROOKLYN",
    "Borough": "BROOKLYN",
    "ZipCode": 11209,
    "Latitude": 40.622093,
    "Longitude": -74.040244,
    "Intake": "Walk-ins welcome",
    "LowCost": "FALSE",
    "Free": "TRUE"
  },
  {
    "SiteID": 176,
    "AgencyID": "New York Harm Reduction Educators",
    "SiteName": "New York Harm Reduction Educators",
    "HoursMonday": "9:00 AM - 4:30 PM",
    "HoursTuesday": "9:00 AM - 4:30 PM",
    "HoursWednesday": "9:00 AM - 4:30 PM",
    "HoursThursday": "9:00 AM - 4:30 PM",
    "HoursFriday": "2:00 PM - 4:30 PM",
    "HoursSaturday": "9:00 AM - 4:30 PM",
    "HoursSunday": "CLOSED",
    "Website": "http://www.nyhre.org/",
    "PhoneNumber": "212-828-8464",
    "Address": "1991A Lexington Ave.",
    "City": "NEW YORK",
    "Borough": "BRONX",
    "ZipCode": 10035,
    "Latitude": 40.802126,
    "Longitude": -73.939048,
    "Intake": "Walk-ins welcome",
    "LowCost": "FALSE",
    "Free": "TRUE"
  },
  {
    "SiteID": 27,
    "AgencyID": "Bronx - Lebanon Hospital Center",
    "SiteName": "Bronx - Lebanon Emergency Department",
    "HoursMonday": "24 hrs",
    "HoursTuesday": "24 hrs",
    "HoursWednesday": "24 hrs",
    "HoursThursday": "24 hrs",
    "HoursFriday": "24 hrs",
    "HoursSaturday": "24 hrs PM",
    "HoursSunday": "24 hrs",
    "Website": "http://www.bronxcare.org/",
    "Phone Number": "(718) 590-1800 x5850",
    "Address": "1650 Grand Concourse 1st Floor",
    "City": "BRONX",
    "Borough": "BRONX",
    "ZipCode": 10457,
    "Latitude": 40.843469,
    "Longitude": -73.911831,
    "Intake": "Walk-ins welcome",
    "LowCost": "FALSE",
    "Free": "TRUE"
  },
  {
    "SiteID": 227,
    "AgencyID": "ACACIA Network ed for Community Empowerment",
    "SiteName": "United Bronx Parents - La Casa de Salud",
    "HoursMonday": "9:00 AM - 5:00 PM",
    "HoursTuesday": "9:00 AM - 5:00 PM",
    "HoursWednesday": "9:00 AM - 5:00 PM",
    "HoursThursday": "9:00 AM - 5:00 PM",
    "HoursFriday": "9:00 AM - 5:00 PM",
    "HoursSaturday": "8:00 AM- NOON",
    "HoursSunday": "CLOSED",
    "Phone Number": "(718) 842-1412",
    "Address": "966 Prospect Avenue",
    "Building Floor Suite": "",
    "City": "BRONX",
    "Borough": "BRONX",
    "ZipCode": 10459,
    "Latitude": 40.822987,
    "Longitude": -73.900235,
    "Intake": "Walk-ins welcome",
    "LowCost": "FALSE",
    "Free": "TRUE"
  },
  {
    "SiteID": 144,
    "AgencyID": "Montefiore Medical Center",
    "SiteName": "Montefiore Adolescent AIDS Program",
    "HoursMonday": "8:30 AM - 5:00 PM",
    "HoursTuesday": "8:30 AM - 5:00 PM",
    "HoursWednesday": "8:30 AM - 5:00 PM",
    "HoursThursday": "8:30 AM - 5:00 PM",
    "HoursFriday": "8:30 AM - 5:00 PM",
    "HoursSaturday": "CLOSED",
    "HoursSunday": "CLOSED",
    "Website": "www.adolescentaids.org",
    "PhoneNumber": "(718) 882-0023",
    "Address": "3514 Wayne Avenue",
    "City": "BRONX",
    "Borough": "BRONX",
    "ZipCode": 10467,
    "Latitude": 40.88099,
    "Longitude": -73.877495,
    "Intake": "Walk-ins welcome",
    "LowCost": "FALSE",
    "Free": "TRUE"
  },
  {
    "SiteID": 379,
    "AgencyID": "Joseph P. Addabbo Family Health Center",
    "SiteName": "Joseph P. Addabbo Family Health Center",
    "HoursMonday": "9am-4pm",
    "Hours Tuesday": "9am-4pm",
    "Hours Wednesday": "9am-4pm",
    "Hours Thursday": "9am-4pm",
    "Hours Friday": "9am-4pm",
    "Hours Saturday": "9am-1pm",
    "Hours Sunday": "",
    "Website": "",
    "Phone Number": "(718) 945-7150",
    "Address": "114-49 Sutphin Boulevard",
    "City": "JAMAICA",
    "Borough": "QUEENS",
    "ZipCode": 11434,
    "Latitude": 40.685241,
    "Longitude": -73.793093,
    "Intake": "Walk-ins welcome",
    "LowCost": "FALSE",
    "Free": "TRUE"
  },
  {
    "Site ID": 40,
    "AgencyID": "Brooklyn Plaza Medical Center",
    "SiteName": "Brooklyn Plaza Medical Center",
    "Hours Monday": "9:00 AM - 5:00 PM",
    "Hours Tuesday": "9:00 AM - 5:00 PM",
    "Hours Wednesday": "9:00 AM - 5:00 PM",
    "Hours Thursday": "9:00 AM - 5:00 PM",
    "Hours Friday": "9:00 AM - 5:00 PM",
    "Hours Saturday": "CLOSED",
    "Hours Sunday": "CLOSED",
    "Website": "www.brooklynplaza.org",
    "Phone Number": "(718) 596-9800 ext. 249 or 288",
    "Address": "650 Fulton Street",
    "City": "BROOKLYN",
    "Borough": "BROOKLYN",
    "ZipCode": 11217,
    "Latitude": 40.686819,
    "Longitude": -73.975701,
    "Intake": "Walk-ins welcome",
    "Low Cost": "FALSE",
    "Free": "TRUE"
  },
  {
    "SiteID": 19,
    "AgencyID": "BOOM! Health",
    "SiteName": "BOOM! Health Prevention Center",
    "Hours Monday": "9:00 AM - 5:00 PM",
    "Hours Tuesday": "9:00 AM - 5:00 PM",
    "Hours Wednesday": "9:00 AM - 5:00 PM",
    "Hours Thursday": "9:00 AM - 5:00 PM",
    "Hours Friday": "9:00 AM - 5:00 PM",
    "Hours Saturday": "CLOSED",
    "Hours Sunday": "CLOSED",
    "Website": "http://www.boomhealth.org/",
    "PhoneNumber": "(718) 295-5690",
    "Address": "3144 3rd Ave 2nd Floor",
    "City": "BRONX",
    "Borough": "BRONX",
    "Zip Code": 10451,
    "Latitude": 40.822353,
    "Longitude": -73.910576,
    "Intake": "Walk-ins welcome",
    "Low Cost": "FALSE",
    "Free": "TRUE"
  },
  {
    "SiteID": 203,
    "AgencyID": "St. Ann's Corner of Harm Reduction",
    "SiteName": "St. Ann's Corner of Harm Reduction",
    "Hours Monday": "8:30 AM - 5:00 PM",
    "Hours Tuesday": "8:30 AM - 5:00 PM",
    "Hours Wednesday": "8:30 AM - 5:00 PM",
    "Hours Thursday": "8:30 AM - 6:30 PM",
    "Hours Friday": "8:30 AM - 5:00 PM",
    "Hours Saturday": "CLOSED",
    "Hours Sunday": "CLOSED",
    "Website": "http://www.sachr.org",
    "Phone Number": "(718) 585-5544",
    "Address": "886 Westchester Ave. 1st Floor",
    "City": "BRONX",
    "Borough": "BRONX",
    "ZipCode": 10459,
    "Latitude": 40.820774,
    "Longitude": -73.899454,
    "Intake": "Walk-ins welcome",
    "LowCost": "FALSE",
    "Free": "TRUE"
  },
  {
    "Site ID": 224,
    "Agency ID": "Union Community Health Center",
    "Site Name": "Union Community Health Center",
    "Hours Monday": "9:00 AM - 4:00 PM",
    "Hours Tuesday": "9:00 AM - 4:00 PM",
    "Hours Wednesday": "9:00 AM - 4:00 PM",
    "Hours Thursday": "9:00 AM - 4:00 PM",
    "Hours Friday": "9:00 AM - 4:00 PM",
    "Hours Saturday": "CLOSED",
    "Hours Sunday": "CLOSED",
    "Website": "http://www.uchcbronx.org/",
    "Phone Number": "(718) 220-2020 ext 8263",
    "Address": "2021 Grand Concourse",
    "Building Floor Suite": "",
    "City": "BRONX",
    "Borough": "BRONX",
    "Zip Code": 10453,
    "Latitude": 40.851812,
    "Longitude": -73.904121,
    "Intake": "Walk-ins welcome",
    "Low Cost": "FALSE",
    "Free": "TRUE"
  },
  {
    "Site ID": 795,
    "Agency ID": "Community Health Action of Staten Island (CHASI)",
    "Site Name": "Community Health Action of Staten Island- Hyatt Street",
    "Hours Monday": "9:00 AM - 4:00 PM",
    "Hours Tuesday": "19:00 AM - 4:00 PM",
    "Hours Wednesday": "9:00 AM - 4:00 PM",
    "Hours Thursday": "9:00 AM - 4:00 PM",
    "Hours Friday": "9:00 AM - 4:00 PM",
    "Hours Saturday": "CLOSED",
    "Hours Sunday": "CLOSED",
    "Website": "www.chasiny.org",
    "Phone Number": "718-808-1311",
    "Address": "23 Hyatt Street",
    "Building Floor Suite": "",
    "City": "Staten Island",
    "Borough": "STATEN ISLAND",
    "Zip Code": 10301,
    "Latitude": 40.6419,
    "Longitude": -74.077205,
    "Intake": "Walk-ins welcome",
    "Low Cost": "FALSE",
    "Free": "TRUE"
  },
  {
    "Site ID": 517,
    "Agency ID": "Mount Sinai Health System",
    "Site Name": "The Spencer Cox Center for Health - West 17th Street Clinic",
    "Hours Monday": "9:00am-4:30pm",
    "Hours Tuesday": "9:00am-4:30pm",
    "Hours Wednesday": "9:00am-4:30pm",
    "Hours Thursday": "11:00am-6:30pm",
    "Hours Friday": "9:00am-4:30pm",
    "Hours Saturday": "Closed",
    "Hours Sunday": "Closed",
    "Website": "http://centerforcare.org/contact/west-17th-street-clinic/",
    "Phone Number": "(212) 523-6500",
    "Address": "230 West 17th StreetStreet",
    "Building Floor Suite": "",
    "City": "NEW YORK",
    "Borough": "MANHATTAN",
    "Zip Code": 10011,
    "Latitude": "",
    "Longitude": "",
    "Intake": "Walk-ins welcome",
    "Low Cost": "FALSE",
    "Free": "TRUE"
  },
  {
    "Site ID": 20,
    "Agency ID": "BOOM! Health",
    "Site Name": "BOOM! Health Harm Reduction Center",
    "Hours Monday": "9:00 AM - 7:30 PM",
    "Hours Tuesday": "9:00 AM - 7:30 PM",
    "Hours Wednesday": "9:00 AM - 7:30 PM",
    "Hours Thursday": "9:00 AM - 7:30 PM",
    "Hours Friday": "9:00 AM - 7:30 PM",
    "Hours Saturday": "10:00 AM - 6:00 PM",
    "Hours Sunday": "10:00 AM - 6:00 PM",
    "Website": "http://www.boomhealth.org/",
    "Phone Number": "(718) 292-7718",
    "Address": "226 East 144th Street",
    "Building Floor Suite": "1st & 3rd Floor",
    "City": "BRONX",
    "Borough": "BRONX",
    "Zip Code": 10451,
    "Latitude": 40.81579,
    "Longitude": -73.925361,
    "Intake": "Walk-ins welcome",
    "Low Cost": "FALSE",
    "Free": "TRUE"
  },
  {
    "Site ID": 76,
    "Agency ID": "Dominican Sisters Family Health Services",
    "Site Name": "Dominican Sisters Family Health Services",
    "Hours Monday": "8:30am-4:30pm",
    "Hours Tuesday": "8:30am-4:30pm",
    "Hours Wednesday": "8:30am-4:30pm",
    "Hours Thursday": "8:30am-4:30pm",
    "Hours Friday": "",
    "Hours Saturday": "",
    "Hours Sunday": "",
    "Website": "dsfhs.org",
    "Phone Number": "(718) 665-6558",
    "Address": "279 Alexander Avenue",
    "Building Floor Suite": "",
    "City": "BRONX",
    "Borough": "BRONX",
    "Zip Code": 10454,
    "Latitude": 40.810865,
    "Longitude": -73.924561,
    "Intake": "Walk-ins welcome",
    "Low Cost": "FALSE",
    "Free": "TRUE"
  },
  {
    "Site ID": 74,
    "Agency ID": "NYC DOHMH STD Control",
    "Site Name": "Crown Heights STD Clinic",
    "Hours Monday": "8:30 AM - 3:30 PM.",
    "Hours Tuesday": "8:30 AM - 3:30 PM.",
    "Hours Wednesday": "8:30 AM - 3:30 PM.",
    "Hours Thursday": "8:30 AM - 3:30 PM.",
    "Hours Friday": "8:30 AM - 3:30 PM.",
    "Hours Saturday": "CLOSED",
    "Hours Sunday": "CLOSED",
    "Website": "",
    "Phone Number": "N/A",
    "Address": "1218 Prospect Place",
    "Building Floor Suite": "1st Floor",
    "City": "BROOKLYN",
    "Borough": "BROOKLYN",
    "Zip Code": 11213,
    "Latitude": 40.67353,
    "Longitude": -73.935845,
    "Intake": "Walk-ins welcome",
    "Low Cost": "TRUE",
    "Free": "TRUE"
  },
  {
    "Site ID": 45,
    "Agency ID": "Caribbean Women's Health Association",
    "Site Name": "Caribbean Women's Health Association",
    "Hours Monday": "9:30 AM - 4:30 PM",
    "Hours Tuesday": "9:30 AM - 4:30 PM",
    "Hours Wednesday": "9:30 AM - 4:30 PM",
    "Hours Thursday": "9:30 AM - 4:30 PM",
    "Hours Friday": "9:30 AM - 4:30 PM",
    "Hours Saturday": "CLOSED",
    "Hours Sunday": "CLOSED",
    "Website": "www.cwha.org",
    "Phone Number": "(718) 826-2942",
    "Address": "3512 Church Avenue",
    "Building Floor Suite": "",
    "City": "BROOKLYN",
    "Borough": "BROOKLYN",
    "Zip Code": 11203,
    "Latitude": 40.651069,
    "Longitude": -73.944541,
    "Intake": "Walk-ins welcome",
    "Low Cost": "FALSE",
    "Free": "TRUE"
  },
  {
    "Site ID": 64,
    "Agency ID": "Community Healthcare Network",
    "Site Name": "Community Healthcare Network - Catherine M. Abate Center",
    "Hours Monday": "9:00 AM - 5:00 PM",
    "Hours Tuesday": ":00 AM - 5:00 PM",
    "Hours Wednesday": "9:00 AM - 7:00 PM",
    "Hours Thursday": "9:00 AM - 7:00 PM",
    "Hours Friday": ":00 AM - 5:00 PM",
    "Hours Saturday": "8:30 AM - 3:30 PM",
    "Hours Sunday": "CLOSED",
    "Website": "http://www.chnnyc.org/our-locations/catherine-m-abate-health-center-formerly-the-downtown-health-center",
    "Phone Number": "(212)-477-1120",
    "Address": "150 Essex Street",
    "Building Floor Suite": "",
    "City": "NEW YORK",
    "Borough": "MANHATTAN",
    "Zip Code": 10002,
    "Latitude": 40.720576,
    "Longitude": -73.98715,
    "Intake": "Walk-ins welcome",
    "Low Cost": "TRUE",
    "Free": "TRUE"
  },
  {
    "Site ID": 204,
    "Agency ID": "SBH Health System",
    "Site Name": "St. Barnabas Hospital",
    "Hours Monday": "9:00 AM - 5:00 PM",
    "Hours Tuesday": "9:00 AM - 5:00 PM",
    "Hours Wednesday": "9:00 AM - 5:00 PM",
    "Hours Thursday": "9:00 AM - 5:00 PM",
    "Hours Friday": "9:00 AM - 5:00 PM",
    "Hours Saturday": "CLOSED",
    "Hours Sunday": "CLOSED",
    "Website": "www.sbhny.org",
    "Phone Number": "718-960-9400",
    "Address": "4487 3rd Avenue",
    "Building Floor Suite": "",
    "City": "BRONX",
    "Borough": "BRONX",
    "Zip Code": 10457,
    "Latitude": 40.853237,
    "Longitude": -73.891742,
    "Intake": "Walk-ins welcome",
    "Low Cost": "FALSE",
    "Free": "TRUE"
  },
  {
    "Site ID": 73,
    "Agency ID": "NYC DOHMH STD Control",
    "Site Name": "Corona STD Clinic",
    "Hours Monday": "CLOSED",
    "Hours Tuesday": "CLOSED",
    "Hours Wednesday": "8:30 AM - 3:30 PM",
    "Hours Thursday": "CLOSED",
    "Hours Friday": "8:30 AM - 3:30 PM",
    "Hours Saturday": "CLOSED",
    "Hours Sunday": "CLOSED",
    "Website": "",
    "Phone Number": "N/A",
    "Address": "34-33 Junction Boulevard",
    "Building Floor Suite": "",
    "City": "JACKSON HEIGHTS",
    "Borough": "MANHATTAN",
    "Zip Code": 11372,
    "Latitude": 40.754179,
    "Longitude": -73.872231,
    "Intake": "Walk-ins welcome",
    "Low Cost": "TRUE",
    "Free": "TRUE"
  },
  {
    "Site ID": 653,
    "Agency ID": "Soundview",
    "Site Name": "Soundview Health Center",
    "Hours Monday": "8:30 AM - 5:30 PM",
    "Hours Tuesday": "8:30 AM - 8:30 PM",
    "Hours Wednesday": "8:30 AM - 8:30 PM",
    "Hours Thursday": "8:30 AM - 8:30 PM",
    "Hours Friday": "8:30 AM - 5:30 PM",
    "Hours Saturday": "8:30 AM - 1:00 PM",
    "Hours Sunday": "CLOSED",
    "Website": "",
    "Phone Number": "(718) 589-2232",
    "Address": "731 White Plains Road",
    "Building Floor Suite": "",
    "City": "BRONX",
    "Borough": "BRONX",
    "Zip Code": 10473,
    "Latitude": 40.821254,
    "Longitude": -73.858098,
    "Intake": "Walk-ins welcome",
    "Low Cost": "FALSE",
    "Free": "TRUE"
  },
  {
    "Site ID": 652,
    "Agency ID": "NYC DOHMH STD Control",
    "Site Name": "Riverside STD Clinic",
    "Hours Monday": "CLOSED",
    "Hours Tuesday": "8:30 AM - 3:00 PM, 5:00 PM - 7:00 PM",
    "Hours Wednesday": "8:30 AM - 3:00 PM",
    "Hours Thursday": "8:30 AM - 3:00 PM, 5:00 PM - 7:00 PM",
    "Hours Friday": "8:30 AM - 3:00 PM",
    "Hours Saturday": "8:30 AM - 3:00 PM",
    "Hours Sunday": "",
    "Website": "",
    "Phone Number": "N/A",
    "Address": "160 West 100th Street",
    "Building Floor Suite": "",
    "City": "NEW YORK",
    "Borough": "MANHATTAN",
    "Zip Code": 10025,
    "Latitude": 40.796407,
    "Longitude": -73.967932,
    "Intake": "Walk-ins welcome",
    "Low Cost": "TRUE",
    "Free": "TRUE"
  },
  {
    "Site ID": 162,
    "Agency ID": "Morris Heights Health Center",
    "Site Name": "MHHC at 137th/St. Ann's",
    "Hours Monday": "8:30AM - 5:00PM",
    "Hours Tuesday": "8:30AM - 6:00PM",
    "Hours Wednesday": "8:30AM - 5:00PM",
    "Hours Thursday": "8:30AM - 6:00PM",
    "Hours Friday": "9:30 AM - 5:00 PM",
    "Hours Saturday": "CLOSED",
    "Hours Sunday": "CLOSED",
    "Website": "http://www.mhhc.org/locations/mhhc-at-137th-street/",
    "Phone Number": "(718) 401-6578",
    "Address": "625 East 137th Street",
    "Building Floor Suite": "",
    "City": "BRONX",
    "Borough": "BRONX",
    "Zip Code": 10454,
    "Latitude": 40.805397,
    "Longitude": -73.916223,
    "Intake": "Walk-ins welcome",
    "Low Cost": "FALSE",
    "Free": "TRUE"
  },
  {
    "Site ID": 320,
    "Agency ID": "After Hours Project",
    "Site Name": "After Hours Project",
    "Hours Monday": "10:00AM - 6:00PM",
    "Hours Tuesday": "10:00AM - 6:00PM",
    "Hours Wednesday": "10:00AM - 6:00PM",
    "Hours Thursday": "10:00AM - 6:00PM",
    "Hours Friday": "9:00AM - 5:00PM",
    "Hours Saturday": "CLOSED",
    "Hours Sunday": "CLOSED",
    "Website": "http://www.afterhoursproject.org/",
    "Phone Number": "(718) 249-0755",
    "Address": "1204 Broadway",
    "Building Floor Suite": "",
    "City": "BROOKLYN",
    "Borough": "BROOKLYN",
    "Zip Code": 11221,
    "Latitude": 40.692107,
    "Longitude": -73.926657,
    "Intake": "Walk-ins welcome",
    "Low Cost": "FALSE",
    "Free": "TRUE"
  },
  {
    "Site ID": 588,
    "Agency ID": "Mount Sinai Health System",
    "Site Name": "Mount Sinai - Samuels Clinic",
    "Hours Monday": "9:00am-4:30pm",
    "Hours Tuesday": "9:00am-4:30pm",
    "Hours Wednesday": "9:00am-4:30pm",
    "Hours Thursday": "9:00am-4:30pm",
    "Hours Friday": "9:00am-4:30pm",
    "Hours Saturday": "",
    "Hours Sunday": "",
    "Website": "http://www.mountsinaihealth.org/patient-care/infectious-diseases",
    "Phone Number": "",
    "Address": "1000 Tenth Avenue",
    "Building Floor Suite": "Suide 2T",
    "City": "New York",
    "Borough": "Manhattan",
    "Zip Code": 10019,
    "Latitude": 40.770297,
    "Longitude": -73.987689,
    "Intake": "Walk-ins welcome",
    "Low Cost": "FALSE",
    "Free": "TRUE"
  },
  {
    "Site ID": 62,
    "Agency ID": "Community Healthcare Network",
    "Site Name": "Community Healthcare Network - Caribbean House Health Center",
    "Hours Monday": "9:00AM - 5:00PM",
    "Hours Tuesday": "10:00 PM - 8:00 PM",
    "Hours Wednesday": "9:00AM - 5:00PM",
    "Hours Thursday": "9:00AM - 5:00PM",
    "Hours Friday": "9:00AM - 5:00PM",
    "Hours Saturday": "8:30 AM- 3:30 PM",
    "Hours Sunday": "CLOSED",
    "Website": "http://www.chnnyc.org/our-locations/caribbean-house-health-center",
    "Phone Number": "(718) 778-0198",
    "Address": "1167 Nostrand Avenue",
    "Building Floor Suite": "",
    "City": "BROOKLYN",
    "Borough": "BROOKLYN",
    "Zip Code": 11225,
    "Latitude": 40.658982,
    "Longitude": -73.950435,
    "Intake": "Walk-ins welcome",
    "Low Cost": "TRUE",
    "Free": "TRUE"
  },
  {
    "Site ID": 110,
    "Agency ID": "Iris House",
    "Site Name": "Iris House Main Administration Office",
    "Hours Monday": "10-5PM",
    "Hours Tuesday": "10-5PM",
    "Hours Wednesday": "10-5PM",
    "Hours Thursday": "10-5PM",
    "Hours Friday": "10-5PM",
    "Hours Saturday": "",
    "Hours Sunday": "",
    "Website": "http://www.irishouse.org/",
    "Phone Number": "646-548-0100",
    "Address": "2348 Adam Clayton Powell Jr. Boulevard",
    "Building Floor Suite": "",
    "City": "NEW YORK",
    "Borough": "MANHATTAN",
    "Zip Code": 10030,
    "Latitude": "",
    "Longitude": "",
    "Intake": "Walk-ins welcome",
    "Low Cost": "FALSE",
    "Free": "TRUE"
  },
  {
    "Site ID": 535,
    "Agency ID": "Community Health Action of Staten Island (CHASI)",
    "Site Name": "Staten Island LGBT Center",
    "Hours Monday": "1:00 PM- 8:00 PM",
    "Hours Tuesday": "1:00 PM- 8:00 PM",
    "Hours Wednesday": "1:00 PM- 8:00 PM",
    "Hours Thursday": "1:00 PM- 8:00 PM",
    "Hours Friday": "1:00 PM- 8:00 PM",
    "Hours Saturday": "CLOSED",
    "Hours Sunday": "CLOSED",
    "Website": "http://chasiny.org",
    "Phone Number": "718-808-1360",
    "Address": "25 Victory Boulevard",
    "Building Floor Suite": "3rd Floor",
    "City": "STATEN ISLAND",
    "Borough": "STATEN ISLAND",
    "Zip Code": 10301,
    "Latitude": 40.637778,
    "Longitude": -74.07614,
    "Intake": "Walk-ins welcome",
    "Low Cost": "FALSE",
    "Free": "TRUE"
  },
  {
    "Site ID": 135,
    "Agency ID": "NYC DOHMH STD Control",
    "Site Name": "Manhattanville Renaissance STD Clinic",
    "Hours Monday": "8:30 AM - 3:30 PM",
    "Hours Tuesday": "8:30 AM - 3:30 PM",
    "Hours Wednesday": "8:30 AM - 3:30 PM",
    "Hours Thursday": "8:30 AM - 3:30 PM",
    "Hours Friday": "8:30 AM - 3:30 PM",
    "Hours Saturday": "CLOSED",
    "Hours Sunday": "CLOSED",
    "Website": "",
    "Phone Number": "N/A",
    "Address": "21 Old Broadway",
    "Building Floor Suite": "2nd Floor",
    "City": "NEW YORK",
    "Borough": "MANHATTAN",
    "Zip Code": 10027,
    "Latitude": 40.815573,
    "Longitude": -73.956864,
    "Intake": "Walk-ins welcome",
    "Low Cost": "TRUE",
    "Free": "TRUE"
  },
  {
    "Site ID": 663,
    "Agency ID": "Bedford Stuyvesant Family Health Center",
    "Site Name": "Broadway Family Health Center (Bed Stuy Family Health Center)",
    "Hours Monday": "9:00 AM- 7:00 PM",
    "Hours Tuesday": "9:00 AM- 7:00 PM",
    "Hours Wednesday": "9:00 AM- 5:00 PM",
    "Hours Thursday": "9:00 AM- 3:00 PM",
    "Hours Friday": "9:00 AM- 3:00 PM",
    "Hours Saturday": "",
    "Hours Sunday": "",
    "Website": "http://www.bsfhc.org/",
    "Phone Number": "718-443-2428",
    "Address": "1238 Broadway",
    "Building Floor Suite": "",
    "City": "BROOKLYN",
    "Borough": "BROOKLYN",
    "Zip Code": 11221,
    "Latitude": 40.691626,
    "Longitude": -73.925814,
    "Intake": "Walk-ins welcome",
    "Low Cost": "TRUE",
    "Free": "TRUE"
  },
  {
    "Site ID": 22,
    "Agency ID": "Bronx - Lebanon Hospital Center",
    "Site Name": "Bronx - Lebanon Center for Comprehensive Care",
    "Hours Monday": "9:00 AM - 4:30 PM",
    "Hours Tuesday": "9:00 AM - 4:30 PM",
    "Hours Wednesday": "9:00 AM - 4:30 PM",
    "Hours Thursday": "9:00 AM - 4:30 PM",
    "Hours Friday": "9:00 AM - 4:30 PM",
    "Hours Saturday": "CLOSED",
    "Hours Sunday": "CLOSED",
    "Website": "http://www.bronxcare.org/",
    "Phone Number": "(718) 590-1800 x2010",
    "Address": "1650 Selwyn Avenue",
    "Building Floor Suite": "9th Floor",
    "City": "BRONX",
    "Borough": "BRONX",
    "Zip Code": 10457,
    "Latitude": 40.843248,
    "Longitude": -73.910407,
    "Intake": "Walk-ins welcome",
    "Low Cost": "FALSE",
    "Free": "TRUE"
  },
  {
    "Site ID": 563,
    "Agency ID": "Bridging Access to Care",
    "Site Name": "Bridging Access to Care - Utica Avenue/Crown Heights",
    "Hours Monday": "9am-5pm",
    "Hours Tuesday": "9am-8pm",
    "Hours Wednesday": "9am-5pm",
    "Hours Thursday": "9am-8pm",
    "Hours Friday": "9am-5pm",
    "Hours Saturday": "",
    "Hours Sunday": "",
    "Website": "http://www.bac-ny.org/ny/index.php/about-us/office-locations/utica-avenue-crown-heights",
    "Phone Number": "347-505-5000",
    "Address": "145-147 Utica Avenue",
    "Building Floor Suite": "",
    "City": "BROOKLYN",
    "Borough": "BROOKLYN",
    "Zip Code": 11213,
    "Latitude": 40.673835,
    "Longitude": -73.930632,
    "Intake": "Walk-ins welcome",
    "Low Cost": "FALSE",
    "Free": "TRUE"
  },
  {
    "Site ID": 52,
    "Agency ID": "Clergy United for Community Empowerment",
    "Site Name": "Clergy United for Community Empowerment",
    "Hours Monday": "10am-4pm",
    "Hours Tuesday": "10am-4pm",
    "Hours Wednesday": "10am-4pm",
    "Hours Thursday": "10am-4pm",
    "Hours Friday": "10am-4pm",
    "Hours Saturday": "",
    "Hours Sunday": "",
    "Website": "www.cucegroup.org",
    "Phone Number": "(718) 297-0720",
    "Address": "172-17 Linden Boulevard",
    "Building Floor Suite": "2nd Floor",
    "City": "QUEENS",
    "Borough": "QUEENS",
    "Zip Code": 11434,
    "Latitude": 40.691941,
    "Longitude": -73.778064,
    "Intake": "Walk-ins welcome",
    "Low Cost": "FALSE",
    "Free": "TRUE"
  },
  {
    "Site ID": 47,
    "Agency ID": "NYC DOHMH STD Control",
    "Site Name": "Central Harlem STD Clinic",
    "Hours Monday": "CLOSED",
    "Hours Tuesday": "8:30 AM - 3:30 PM",
    "Hours Wednesday": "8:30 AM - 3:30 PM",
    "Hours Thursday": "8:30 AM - 3:30 PM",
    "Hours Friday": "8:30 AM - 3:30 PM",
    "Hours Saturday": "8:30 AM - 3:30 PM",
    "Hours Sunday": "CLOSED",
    "Website": "",
    "Phone Number": "N/A",
    "Address": "2238 5th Avenue",
    "Building Floor Suite": "1st Floor",
    "City": "NEW YORK",
    "Borough": "MANHATTAN",
    "Zip Code": 10037,
    "Latitude": 40.813645,
    "Longitude": -73.936992,
    "Intake": "Walk-ins welcome",
    "Low Cost": "TRUE",
    "Free": "TRUE"
  },
  {
    "Site ID": 232,
    "Agency ID": "VIP Community Services",
    "Site Name": "VIP Community Services",
    "Hours Monday": "9:00 AM - 4:00 PM",
    "Hours Tuesday": "9:00 AM - 4:00 PM",
    "Hours Wednesday": "9:00 AM - 4:00 PM",
    "Hours Thursday": "9:00 AM - 4:00 PM",
    "Hours Friday": "9:00 AM - 4:00 PM",
    "Hours Saturday": "CLOSED",
    "Hours Sunday": "CLOSED",
    "Website": "",
    "Phone Number": "718-583-5150",
    "Address": "1910 Arthur Avenue",
    "Building Floor Suite": "",
    "City": "BRONX",
    "Borough": "BRONX",
    "Zip Code": 10457,
    "Latitude": 40.845391,
    "Longitude": -73.8935,
    "Intake": "Walk-ins welcome",
    "Low Cost": "FALSE",
    "Free": "TRUE"
  },
  {
    "Site ID": 321,
    "Agency ID": "Aid for AIDS",
    "Site Name": "Aid for AIDS",
    "Hours Monday": "9:00 AM - 5:00 PM",
    "Hours Tuesday": "9:00 AM - 5:00 PM",
    "Hours Wednesday": "9:00 AM - 5:00 PM",
    "Hours Thursday": "9:00 AM - 5:00 PM",
    "Hours Friday": "9:00 AM - 5:00 PM",
    "Hours Saturday": "CLOSED",
    "Hours Sunday": "CLOSED",
    "Website": "http://aidforaids.org/new-york/",
    "Phone Number": "(212) 337-8043",
    "Address": "515 Greenwich Street",
    "Building Floor Suite": "Suite 506",
    "City": "NEW YORK",
    "Borough": "MANHATTAN",
    "Zip Code": 10013,
    "Latitude": 40.726099,
    "Longitude": -74.009067,
    "Intake": "Walk-ins welcome",
    "Low Cost": "FALSE",
    "Free": "TRUE"
  },
  {
    "Site ID": 127,
    "Agency ID": "NYU Lutheran Medical Center",
    "Site Name": "Lutheran Medical Center - Family Physician Family Health Center",
    "Hours Monday": "CLOSED",
    "Hours Tuesday": "CLOSED",
    "Hours Wednesday": "8:30 AM -5:30 PM",
    "Hours Thursday": "8:30 AM -5:30 PM",
    "Hours Friday": "9:00 AM - 11:30 AM",
    "Hours Saturday": "CLOSED",
    "Hours Sunday": "CLOSED",
    "Website": "",
    "Phone Number": "(718) 439-5440",
    "Address": "5616 6th Avenue",
    "Building Floor Suite": "",
    "City": "BROOKLYN",
    "Borough": "BROOKLYN",
    "Zip Code": 11220,
    "Latitude": 40.640272,
    "Longitude": -74.011772,
    "Intake": "Walk-ins welcome",
    "Low Cost": "FALSE",
    "Free": "TRUE"
  },
  {
    "Site ID": 86,
    "Agency ID": "Gay Men of African Descent",
    "Site Name": "Gay Men of African Descent",
    "Hours Monday": "10:00 AM - 6:00 PM",
    "Hours Tuesday": "10:00 AM - 6:00 PM",
    "Hours Wednesday": "10:00 AM - 6:00 PM",
    "Hours Thursday": "10:00 AM - 6:00 PM",
    "Hours Friday": "10:00 AM - 6:00 PM",
    "Hours Saturday": "CLOSED",
    "Hours Sunday": "CLOSED",
    "Website": "gmad.org",
    "Phone Number": "(718) 222-6300",
    "Address": "540 Atlantic Avenue",
    "Building Floor Suite": "Lower Level",
    "City": "BROOKLYN",
    "Borough": "BROOKLYN",
    "Zip Code": 11217,
    "Latitude": 40.684973,
    "Longitude": -73.979823,
    "Intake": "Walk-ins welcome",
    "Low Cost": "FALSE",
    "Free": "TRUE"
  },
  {
    "Site ID": 164,
    "Agency ID": "Morris Heights Health Center",
    "Site Name": "MHHC Walton",
    "Hours Monday": "8:30 AM - 6:30 PM",
    "Hours Tuesday": "8:30 - AM - 5:00 PM",
    "Hours Wednesday": "8:30 - AM - 5:00 PM",
    "Hours Thursday": "8:30 - AM - 5:00 PM",
    "Hours Friday": "8:30 - AM - 5:00 PM",
    "Hours Saturday": "CLOSED",
    "Hours Sunday": "CLOSED",
    "Website": "http://www.mhhc.org/locations/mhhc-at-walton-avenue/",
    "Phone Number": "(718) 839-8900",
    "Address": "25 East 183rd Street",
    "Building Floor Suite": "",
    "City": "BRONX",
    "Borough": "BRONX",
    "Zip Code": 10453,
    "Latitude": 40.858511,
    "Longitude": -73.903099,
    "Intake": "Walk-ins welcome",
    "Low Cost": "FALSE",
    "Free": "TRUE"
  },
  {
    "Site ID": 131,
    "Agency ID": "NYU Lutheran Medical Center",
    "Site Name": "Lutheran Medical Center",
    "Hours Monday": "8:30 AM - 8:30 PM",
    "Hours Tuesday": "8:30 AM - 8:30 PM",
    "Hours Wednesday": "8:30 AM - 8:30 PM",
    "Hours Thursday": "8:30 AM - 8:30 PM",
    "Hours Friday": "8:30 AM - 5:00 PM",
    "Hours Saturday": "9:00 AM - 5:00 PM",
    "Hours Sunday": "CLOSED",
    "Website": "",
    "Phone Number": "(718) 630-7095",
    "Address": "150 55th Street",
    "Building Floor Suite": "",
    "City": "BROOKLYN",
    "Borough": "BROOKLYN",
    "Zip Code": 11220,
    "Latitude": 40.646941,
    "Longitude": -74.02093,
    "Intake": "Walk-ins welcome",
    "Low Cost": "FALSE",
    "Free": "TRUE"
  },
  {
    "Site ID": 2,
    "Agency ID": "Project Hospitality",
    "Site Name": "Project Hospitality- SHINE Center",
    "Hours Monday": "9:00am- 5:00pm",
    "Hours Tuesday": "9:00am- 5:00pm",
    "Hours Wednesday": "9:00am- 5:00pm",
    "Hours Thursday": "9:00am- 5:00pm",
    "Hours Friday": "9:00am- 5:00pm",
    "Hours Saturday": "",
    "Hours Sunday": "",
    "Website": "www.projecthospitality.org",
    "Phone Number": "(718) 815-0800",
    "Address": "150D Richmond Terrace",
    "Building Floor Suite": "",
    "City": "STATEN ISLAND",
    "Borough": "STATEN ISLAND",
    "Zip Code": 10301,
    "Latitude": "",
    "Longitude": "",
    "Intake": "Walk-ins welcome",
    "Low Cost": "FALSE",
    "Free": "TRUE"
  },
  {
    "Site ID": 151,
    "Agency ID": "Montefiore Medical Center",
    "Site Name": "Montefiore Family Health Center - East 193rd",
    "Hours Monday": "8:30 AM - 7:00 PM",
    "Hours Tuesday": "8:00 AM - 4:00 PM",
    "Hours Wednesday": "8:30 AM - 7:00 PM",
    "Hours Thursday": "8:00 AM - 4:00 PM",
    "Hours Friday": "8:00 AM - 4:00 PM",
    "Hours Saturday": "CLOSED",
    "Hours Sunday": "CLOSED",
    "Website": "",
    "Phone Number": "(718) 933-2400",
    "Address": "360 East 193rd Street",
    "Building Floor Suite": "",
    "City": "BRONX",
    "Borough": "BRONX",
    "Zip Code": 10458,
    "Latitude": 40.863191,
    "Longitude": -73.891056,
    "Intake": "Walk-ins welcome",
    "Low Cost": "FALSE",
    "Free": "TRUE"
  },
  {
    "Site ID": 177,
    "Agency ID": "New York Presbyterian Hospital",
    "Site Name": "NYP/Columbia University Medical Center - Harkness Pavillion",
    "Hours Monday": "8:30 AM - 4:00PM",
    "Hours Tuesday": "8:30 AM - 4:00PM",
    "Hours Wednesday": "8:30 AM - 4:00PM",
    "Hours Thursday": "8:30 AM - 4:00PM",
    "Hours Friday": "8:30 AM - 4:00PM",
    "Hours Saturday": "CLOSED",
    "Hours Sunday": "CLOSED",
    "Website": "",
    "Phone Number": "(212) 342-1687",
    "Address": "180 Fort Washington Avenue",
    "Building Floor Suite": "6th floor",
    "City": "NEW YORK",
    "Borough": "MANHATTAN",
    "Zip Code": 10032,
    "Latitude": 40.841402,
    "Longitude": -73.942568,
    "Intake": "Walk-ins welcome",
    "Low Cost": "FALSE",
    "Free": "TRUE"
  },
  {
    "Site ID": 752,
    "Agency ID": "Walgreens/Duane Reade",
    "Site Name": "Walgreens-Community Pharmacy Walgreens",
    "Hours Monday": "2:30 PM- 6:00 PM",
    "Hours Tuesday": "2:30 PM- 6:00 PM",
    "Hours Wednesday": "2:30 PM- 6:00 PM",
    "Hours Thursday": "2:30 PM- 6:00 PM",
    "Hours Friday": "CLOSED",
    "Hours Saturday": "CLOSED",
    "Hours Sunday": "CLOSED",
    "Website": "",
    "Phone Number": "(212) 691-9050",
    "Address": "205 8th Avenue",
    "Building Floor Suite": "",
    "City": "NEW YORK",
    "Borough": "MANHATTAN",
    "Zip Code": 10011,
    "Latitude": 40.743696,
    "Longitude": -73.999657,
    "Intake": "Walk-ins welcome",
    "Low Cost": "FALSE",
    "Free": "TRUE"
  },
  {
    "Site ID": 133,
    "Agency ID": "NYU Lutheran Medical Center",
    "Site Name": "Lutheran Medical Center - Sunset Terrace Family Health Center",
    "Hours Monday": "9:00 AM - 5:00 PM",
    "Hours Tuesday": "9:00 AM - 5:00 PM",
    "Hours Wednesday": "9:00 AM - 5:00 PM",
    "Hours Thursday": "9:00 AM - 5:00 PM",
    "Hours Friday": "9:00 AM - 4:00 PM",
    "Hours Saturday": "CLOSED",
    "Hours Sunday": "CLOSED",
    "Website": "",
    "Phone Number": "(718) 431-2645",
    "Address": "514 49th Street",
    "Building Floor Suite": "",
    "City": "BROOKLYN",
    "Borough": "BROOKLYN",
    "Zip Code": 11220,
    "Latitude": 40.645329,
    "Longitude": -74.009193,
    "Intake": "Walk-ins welcome",
    "Low Cost": "FALSE",
    "Free": "TRUE"
  },
  {
    "Site ID": 87,
    "Agency ID": "GMHC",
    "Site Name": "GMHC",
    "Hours Monday": "9:30am-4:30pm",
    "Hours Tuesday": "9:30am-4:30pm",
    "Hours Wednesday": "9:30am-12:30pm; 2:30pm-4:30pm",
    "Hours Thursday": "9:30am-4pm*",
    "Hours Friday": "12:30pm-7pm",
    "Hours Saturday": "",
    "Hours Sunday": "",
    "Website": "gmhc.org",
    "Phone Number": "(212)367-1100",
    "Address": "224 West 29th Street",
    "Building Floor Suite": "Ground floor",
    "City": "NEW YORK",
    "Borough": "MANHATTAN",
    "Zip Code": 10001,
    "Latitude": 40.748233,
    "Longitude": -73.993825,
    "Intake": "Walk-ins welcome",
    "Low Cost": "FALSE",
    "Free": "TRUE"
  },
  {
    "Site ID": 139,
    "Agency ID": "MIC Women's Health Center",
    "Site Name": "MIC Women's Health Center--Fort Greene",
    "Hours Monday": "9:00 AM- 5:00 PM",
    "Hours Tuesday": "9:00 AM- 5:00 PM",
    "Hours Wednesday": "9:00 AM- 5:00 PM",
    "Hours Thursday": "9:00 AM- 5:00 PM",
    "Hours Friday": "9:00 AM- 5:00 PM",
    "Hours Saturday": "CLOSED",
    "Hours Sunday": "CLOSED",
    "Website": "",
    "Phone Number": "718-522-1144",
    "Address": "295 Flatbush Avenue Extension",
    "Building Floor Suite": "3rd Floor",
    "City": "BROOKLYN",
    "Borough": "BROOKLYN",
    "Zip Code": 11201,
    "Latitude": 40.691986,
    "Longitude": -73.982496,
    "Intake": "Walk-ins welcome",
    "Low Cost": "TRUE",
    "Free": "TRUE"
  },
  {
    "Site ID": 82,
    "Agency ID": "NYC DOHMH STD Control",
    "Site Name": "Fort Greene STD Clinic",
    "Hours Monday": "CLOSED",
    "Hours Tuesday": "8:30 AM - 3:30 PM",
    "Hours Wednesday": "8:30 AM - 3:30 PM",
    "Hours Thursday": "8:30 AM - 3:30 PM",
    "Hours Friday": "8:30 AM - 3:30 PM",
    "Hours Saturday": "8:30 AM - 3:30 PM",
    "Hours Sunday": "CLOSED",
    "Website": "",
    "Phone Number": "N/A",
    "Address": "295 Flatbush Avenue Extension",
    "Building Floor Suite": "2nd Floor",
    "City": "BROOKLYN",
    "Borough": "BROOKLYN",
    "Zip Code": 11201,
    "Latitude": 40.691986,
    "Longitude": -73.982496,
    "Intake": "Walk-ins welcome",
    "Low Cost": "TRUE",
    "Free": "TRUE"
  },
  {
    "Site ID": 670,
    "Agency ID": "Children's Aid Society",
    "Site Name": "Chidlren's Aid Society - Milbank Health Services",
    "Hours Monday": "9:00 AM - 5:00 PM",
    "Hours Tuesday": "11:00 AM - 7:00 PM",
    "Hours Wednesday": "9:00 AM - 5:00 PM",
    "Hours Thursday": "11:00 AM - 7:00 PM",
    "Hours Friday": "9:00 AM - 5:00 PM",
    "Hours Saturday": "CLOSED",
    "Hours Sunday": "CLOSED",
    "Website": "www.childrensaidsociety.org",
    "Phone Number": "212-369-8339",
    "Address": "1432 W. 118th St.",
    "Building Floor Suite": "",
    "City": "NEW YORK",
    "Borough": "MANHATTAN",
    "Zip Code": 10026,
    "Latitude": "",
    "Longitude": "",
    "Intake": "Walk-ins welcome",
    "Low Cost": "TRUE",
    "Free": "TRUE"
  },
  {
    "Site ID": 755,
    "Agency ID": "MIC Women's Health Center",
    "Site Name": "MIC Women's Health Center- Eastern Parkway",
    "Hours Monday": "9:00 AM- 5:00 PM",
    "Hours Tuesday": "9:00 AM- 5:00 PM",
    "Hours Wednesday": "9:00 AM- 5:00 PM",
    "Hours Thursday": "9:00 AM- 5:00 PM",
    "Hours Friday": "9:00 AM- 5:00 PM",
    "Hours Saturday": "CLOSED",
    "Hours Sunday": "CLOSED",
    "Website": "",
    "Phone Number": "718-498-1001",
    "Address": "1873 Eastern Parkway",
    "Building Floor Suite": "",
    "City": "BROOKLYN",
    "Borough": "BROOKLYN",
    "Zip Code": 11233,
    "Latitude": 40.676566,
    "Longitude": -73.908064,
    "Intake": "Walk-ins welcome",
    "Low Cost": "TRUE",
    "Free": "TRUE"
  },
  {
    "Site ID": 101,
    "Agency ID": "The Institute for Family Health",
    "Site Name": "IFH Urban Horizons Family Health Center",
    "Hours Monday": "8:30 AM - 5:00 PM",
    "Hours Tuesday": "8:30 AM - 5:00 PM",
    "Hours Wednesday": "8:30 AM - 5:00 PM",
    "Hours Thursday": "8:30 AM - 5:00 PM",
    "Hours Friday": "8:30 AM - 5:00 PM",
    "Hours Saturday": "2nd and 4th Saturdays, 8:30 AM - 5:30 PM",
    "Hours Sunday": "CLOSED",
    "Website": "",
    "Phone Number": "(718) 293-3900",
    "Address": "50 East 168th Street",
    "Building Floor Suite": "Lower Level",
    "City": "BRONX",
    "Borough": "BRONX",
    "Zip Code": 10452,
    "Latitude": 40.836725,
    "Longitude": -73.919292,
    "Intake": "Walk-ins welcome",
    "Low Cost": "FALSE",
    "Free": "TRUE"
  },
  {
    "Site ID": 39,
    "Agency ID": "Brooklyn Hospital Center",
    "Site Name": "Brooklyn Hospital Center - Path Center - Church Avenue",
    "Hours Monday": "9:00 AM - 4:00 PM",
    "Hours Tuesday": "9:00 AM - 4:00 PM",
    "Hours Wednesday": "9:00 AM - 4:00 PM",
    "Hours Thursday": "9:00 AM - 4:00 PM",
    "Hours Friday": "9:00 AM - 4:00 PM",
    "Hours Saturday": "CLOSED",
    "Hours Sunday": "CLOSED",
    "Website": "www.tbh.org",
    "Phone Number": "(718) 826-5626",
    "Address": "2222 Church Avenue",
    "Building Floor Suite": "",
    "City": "BROOKLYN",
    "Borough": "BROOKLYN",
    "Zip Code": 11226,
    "Latitude": 40.650413,
    "Longitude": -73.958052,
    "Intake": "Walk-ins welcome",
    "Low Cost": "FALSE",
    "Free": "TRUE"
  },
  {
    "Site ID": 193,
    "Agency ID": "Promesa",
    "Site Name": "Promesa",
    "Hours Monday": "9:00 AM - 5:00 PM",
    "Hours Tuesday": "9:00 AM - 5:00 PM",
    "Hours Wednesday": "9:00 AM - 5:00 PM",
    "Hours Thursday": "9:00 AM - 5:00 PM",
    "Hours Friday": "9:00 AM - 5:00 PM",
    "Hours Saturday": "CLOSED",
    "Hours Sunday": "CLOSED",
    "Website": "",
    "Phone Number": "(718) 299-1100",
    "Address": "1776 Clay Avenue",
    "Building Floor Suite": "",
    "City": "BRONX",
    "Borough": "BRONX",
    "Zip Code": 10457,
    "Latitude": 40.846109,
    "Longitude": -73.904721,
    "Intake": "Walk-ins welcome",
    "Low Cost": "FALSE",
    "Free": "TRUE"
  },
  {
    "Site ID": 353,
    "Agency ID": "Exponents",
    "Site Name": "Exponents",
    "Hours Monday": "9am-5pm",
    "Hours Tuesday": "9am-5pm",
    "Hours Wednesday": "9am-5pm",
    "Hours Thursday": "9am-5pm",
    "Hours Friday": "9am-5pm",
    "Hours Saturday": "10am-3pm",
    "Hours Sunday": "10am-3pm",
    "Website": "http://www.exponents.org/",
    "Phone Number": "(212) 243-3434",
    "Address": "2 Washington St",
    "Building Floor Suite": "4th Floor",
    "City": "NEW YORK",
    "Borough": "MANHATTAN",
    "Zip Code": 10004,
    "Latitude": 40.705137,
    "Longitude": -74.015585,
    "Intake": "Walk-ins welcome",
    "Low Cost": "FALSE",
    "Free": "TRUE"
  },
  {
    "Site ID": 12,
    "Agency ID": "African Services Committee",
    "Site Name": "African Services Committee",
    "Hours Monday": "9:00am-4:00pm",
    "Hours Tuesday": "9:00am-4:00pm",
    "Hours Wednesday": "9:00am-4:00pm",
    "Hours Thursday": "9:00am-4:00pm",
    "Hours Friday": "9:00am-4:00pm",
    "Hours Saturday": "CLOSED",
    "Hours Sunday": "CLOSED",
    "Website": "http://www.africanservices.org/",
    "Phone Number": "212-222-3882",
    "Address": "429 W 127th St. 2nd Fl.",
    "Building Floor Suite": "",
    "City": "NEW YORK",
    "Borough": "MANHATTAN",
    "Zip Code": 10027,
    "Latitude": 40.813002,
    "Longitude": -73.953849,
    "Intake": "Walk-ins welcome",
    "Low Cost": "FALSE",
    "Free": "TRUE"
  },
  {
    "Site ID": 507,
    "Agency ID": "Harlem United",
    "Site Name": "Harlem United",
    "Hours Monday": "",
    "Hours Tuesday": "10am-2pm",
    "Hours Wednesday": "10am-2pm",
    "Hours Thursday": "10am-2pm",
    "Hours Friday": "",
    "Hours Saturday": "",
    "Hours Sunday": "",
    "Website": "",
    "Phone Number": "(212) 289-2378 ext. 1334",
    "Address": "290 Lenox Ave.",
    "Building Floor Suite": "Lower Level",
    "City": "NEW YORK",
    "Borough": "MANHATTAN",
    "Zip Code": 10027,
    "Latitude": 40.807457,
    "Longitude": -73.945704,
    "Intake": "Walk-ins welcome",
    "Low Cost": "FALSE",
    "Free": "TRUE"
  },
  {
    "Site ID": 69,
    "Agency ID": "Community Healthcare Network",
    "Site Name": "Community Healthcare Network - Long Island City Health Center",
    "Hours Monday": "9:00 AM - 5:00 PM",
    "Hours Tuesday": "9:00 AM - 5:00 PM",
    "Hours Wednesday": "9:00 AM - 5:00 PM",
    "Hours Thursday": "9:00 AM - 5:00 PM",
    "Hours Friday": "9:00 AM - 5:00 PM",
    "Hours Saturday": "8:30 AM- 3:30 PM",
    "Hours Sunday": "CLOSED",
    "Website": "http://www.chnnyc.org/our-locations/long-island-city-health-center",
    "Phone Number": "(718)-482-7772",
    "Address": "36-11 21st Street",
    "Building Floor Suite": "",
    "City": "ASTORIA",
    "Borough": "QUEENS",
    "Zip Code": 11106,
    "Latitude": 40.759617,
    "Longitude": -73.937033,
    "Intake": "Walk-ins welcome",
    "Low Cost": "TRUE",
    "Free": "TRUE"
  },
  {
    "Site ID": 163,
    "Agency ID": "Morris Heights Health Center",
    "Site Name": "MHHC 85 W Burnside",
    "Hours Monday": "5:00 PM - 8:00 PM",
    "Hours Tuesday": "CLOSED",
    "Hours Wednesday": "8:30AM - 8:00PM",
    "Hours Thursday": "CLOSED",
    "Hours Friday": "CLOSED",
    "Hours Saturday": "CLOSED",
    "Hours Sunday": "CLOSED",
    "Website": "http://www.mhhc.org/locations/85-west-burnside/",
    "Phone Number": "(718) 716-4400",
    "Address": "85 West Burnside Avenue",
    "Building Floor Suite": "",
    "City": "BRONX",
    "Borough": "BRONX",
    "Zip Code": 10453,
    "Latitude": 40.854655,
    "Longitude": -73.91063,
    "Intake": "Walk-ins welcome",
    "Low Cost": "FALSE",
    "Free": "TRUE"
  },
  {
    "Site ID": 187,
    "Agency ID": "Project Hospitality",
    "Site Name": "Project Hospitality Walk-In Clinic",
    "Hours Monday": "",
    "Hours Tuesday": "Walk in available: 9:00 AM - 5:00 PM",
    "Hours Wednesday": "",
    "Hours Thursday": "Walk in available: 9:00 AM - 1:00 PM",
    "Hours Friday": "",
    "Hours Saturday": "",
    "Hours Sunday": "",
    "Website": "http://www.projecthospitality.org/",
    "Phone Number": "(718) 876-7716",
    "Address": "514 Bay Street",
    "Building Floor Suite": "",
    "City": "STATEN ISLAND",
    "Borough": "STATEN ISLAND",
    "Zip Code": 10301,
    "Latitude": 40.629461,
    "Longitude": -74.076643,
    "Intake": "Walk-ins welcome",
    "Low Cost": "FALSE",
    "Free": "TRUE"
  },
  {
    "Site ID": 170,
    "Agency ID": "Mount Sinai Health System",
    "Site Name": "Mount Sinai Adolescent Health Center",
    "Hours Monday": "9:00 AM - 4:30 PM",
    "Hours Tuesday": "9:00 AM - 4:30 PM",
    "Hours Wednesday": "9:00 AM - 4:30 PM",
    "Hours Thursday": "12:30 PM - 5:00 PM",
    "Hours Friday": "9:00 AM - 5:00 PM",
    "Hours Saturday": "9:00 AM - 4:30 PM",
    "Hours Sunday": "CLOSED",
    "Website": "",
    "Phone Number": "(212) 423-2900",
    "Address": "312-320 East 94th Street",
    "Building Floor Suite": "",
    "City": "NEW YORK",
    "Borough": "MANHATTAN",
    "Zip Code": 10028,
    "Latitude": 40.782701,
    "Longitude": -73.947486,
    "Intake": "Walk-ins welcome",
    "Low Cost": "TRUE",
    "Free": "TRUE"
  },
  {
    "Site ID": 783,
    "Agency ID": "Housing Works Housing Works",
    "Site Name": "East New York Community Health Center",
    "Hours Monday": "9:00 AM- 5:00 PM",
    "Hours Tuesday": "9:00 AM- 5:00 PM",
    "Hours Wednesday": "9:00 AM- 5:00 PM",
    "Hours Thursday": "9:00 AM- 5:00 PM",
    "Hours Friday": "9:00 AM- 5:00 PM",
    "Hours Saturday": "",
    "Hours Sunday": "",
    "Website": "",
    "Phone Number": "718-827-8700",
    "Address": "2640 Pitkin Ave",
    "Building Floor Suite": "",
    "City": "Brooklyn",
    "Borough": "BROOKLYN",
    "Zip Code": "",
    "Latitude": "",
    "Longitude": "",
    "Intake": "Walk-ins welcome",
    "Low Cost": "FALSE",
    "Free": "TRUE"
  },
  {
    "Site ID": 67,
    "Agency ID": "Community Healthcare Network",
    "Site Name": "Community Healthcare Network - Helen B Atkinson Health Center",
    "Hours Monday": "9:00AM - 5:00PM",
    "Hours Tuesday": "9:00AM - 5:00PM",
    "Hours Wednesday": "9:00AM - 7:00PM",
    "Hours Thursday": "9:00AM - 5:00PM",
    "Hours Friday": "9:00AM - 5:00PM",
    "Hours Saturday": "9:00AM - 4:00PM",
    "Hours Sunday": "CLOSED",
    "Website": "http://www.chnnyc.org/our-locations/helen-b-atkinson-health-center",
    "Phone Number": "(212)-426-0088",
    "Address": "81 West 115th Street",
    "Building Floor Suite": "",
    "City": "NEW YORK",
    "Borough": "MANHATTAN",
    "Zip Code": 10026,
    "Latitude": 40.801163,
    "Longitude": -73.949765,
    "Intake": "Walk-ins welcome",
    "Low Cost": "TRUE",
    "Free": "TRUE"
  },
  {
    "Site ID": 192,
    "Agency ID": "Promesa",
    "Site Name": "Promesa Park Avenue Family Health Center",
    "Hours Monday": "9:00 AM - 5:00 PM",
    "Hours Tuesday": "9:00 AM - 5:00 PM",
    "Hours Wednesday": "9:00 AM - 5:00 PM",
    "Hours Thursday": "9:00 AM - 5:00 PM",
    "Hours Friday": "9:00 AM - 5:00 PM",
    "Hours Saturday": "CLOSED",
    "Hours Sunday": "CLOSED",
    "Website": "",
    "Phone Number": "(718) 466-1574",
    "Address": "4196 Park Avenue",
    "Building Floor Suite": "",
    "City": "BRONX",
    "Borough": "BRONX",
    "Zip Code": 10457,
    "Latitude": 40.847172,
    "Longitude": -73.899598,
    "Intake": "Walk-ins welcome",
    "Low Cost": "FALSE",
    "Free": "TRUE"
  },
  {
    "Site ID": 376,
    "Agency ID": "Housing Works Housing Works",
    "Site Name": "Housing Works",
    "Hours Monday": "10:00 AM- 4:00 PM",
    "Hours Tuesday": "10:00 AM- 4:00 PM",
    "Hours Wednesday": "10:00 AM- 4:00 PM",
    "Hours Thursday": "10:00 AM- 4:00 PM",
    "Hours Friday": "10:00 AM- 4:00 PM",
    "Hours Saturday": "",
    "Hours Sunday": "",
    "Website": "",
    "Phone Number": "(347)-473-7400",
    "Address": "57 Willoughby St",
    "Building Floor Suite": "Basement",
    "City": "BROOKLYN",
    "Borough": "BROOKLYN",
    "Zip Code": 11201,
    "Latitude": 40.692217,
    "Longitude": -73.986665,
    "Intake": "Walk-ins welcome",
    "Low Cost": "FALSE",
    "Free": "TRUE"
  },
  {
    "Site ID": 60,
    "Agency ID": "Community Healthcare Network",
    "Site Name": "Community Healthcare Network - Bronx Health Center",
    "Hours Monday": "9:00AM - 6:00PM",
    "Hours Tuesday": "9:00AM - 5:00PM",
    "Hours Wednesday": "10:00AM - 6:00PM",
    "Hours Thursday": "9:00AM - 7:00PM",
    "Hours Friday": "9:00AM - 5:00PM",
    "Hours Saturday": "8:30AM - 3:30PM",
    "Hours Sunday": "CLOSED",
    "Website": "http://www.chnnyc.org/our-locations/bronx-health-center",
    "Phone Number": "(718) 320-4466",
    "Address": "975 Westchester Avenue",
    "Building Floor Suite": "",
    "City": "BRONX",
    "Borough": "BRONX",
    "Zip Code": 10459,
    "Latitude": 40.822988,
    "Longitude": -73.895187,
    "Intake": "Walk-ins welcome",
    "Low Cost": "TRUE",
    "Free": "TRUE"
  },
  {
    "Site ID": 323,
    "Agency ID": "AIDS Healthcare Foundation",
    "Site Name": "AIDS Healthcare Foundation-Out of the Closet",
    "Hours Monday": "10:00AM- 7:00 PM",
    "Hours Tuesday": "10:00AM- 7:00 PM",
    "Hours Wednesday": "10:00AM- 7:00 PM",
    "Hours Thursday": "10:00AM- 7:00 PM",
    "Hours Friday": "10:00AM- 7:00 PM",
    "Hours Saturday": "10:00AM- 7:00 PM",
    "Hours Sunday": "CLOSED",
    "Website": "http://www.aidshealth.org/#/",
    "Phone Number": "718-637-2955",
    "Address": "475 Atlantic Avenue",
    "Building Floor Suite": "",
    "City": "BROOKLYN",
    "Borough": "BROOKLYN",
    "Zip Code": 11217,
    "Latitude": 40.685797,
    "Longitude": -73.981889,
    "Intake": "Walk-ins welcome",
    "Low Cost": "FALSE",
    "Free": "TRUE"
  },
  {
    "Site ID": 126,
    "Agency ID": "NYU Lutheran Medical Center",
    "Site Name": "Lutheran Medical Center - Caribbean - American Family Health Center",
    "Hours Monday": "8:00 AM -8:00 PM",
    "Hours Tuesday": "8:00 AM -8:00 PM",
    "Hours Wednesday": "8:00 AM -8:00 PM",
    "Hours Thursday": "8:00 AM -8:00 PM",
    "Hours Friday": "8:00 AM -8:00 PM",
    "Hours Saturday": "8:00 AM - 4:00 PM",
    "Hours Sunday": "CLOSED",
    "Website": "",
    "Phone Number": "(718) 630-2197",
    "Address": "3414 Church Avenue",
    "Building Floor Suite": "",
    "City": "BROOKLYN",
    "Borough": "BROOKLYN",
    "Zip Code": 11203,
    "Latitude": 40.651014,
    "Longitude": -73.945471,
    "Intake": "Walk-ins welcome",
    "Low Cost": "FALSE",
    "Free": "TRUE"
  },
  {
    "Site ID": 175,
    "Agency ID": "Narco Freedom",
    "Site Name": "Narco Freedom - East 149th St.",
    "Hours Monday": "8:00 AM - 2:30 PM",
    "Hours Tuesday": "8:00 AM - 2:30 PM",
    "Hours Wednesday": "8:00 AM - 2:30 PM",
    "Hours Thursday": "8:00 AM - 2:30 PM",
    "Hours Friday": "CLOSED",
    "Hours Saturday": "CLOSED",
    "Hours Sunday": "CLOSED",
    "Website": "http://www.narcofreedom.com/",
    "Phone Number": "(718) 665-4300",
    "Address": "324 East 149th Street",
    "Building Floor Suite": "",
    "City": "BRONX",
    "Borough": "BRONX",
    "Zip Code": 10451,
    "Latitude": 40.816852,
    "Longitude": -73.920725,
    "Intake": "Walk-ins welcome",
    "Low Cost": "FALSE",
    "Free": "TRUE"
  },
  {
    "Site ID": 219,
    "Agency ID": "Mount Sinai Health System",
    "Site Name": "The Spencer Cox Center for Health - Morningside Clinic",
    "Hours Monday": "9:00am-4:30pm",
    "Hours Tuesday": "9:00am-4:30pm",
    "Hours Wednesday": "9:00am-4:30pm",
    "Hours Thursday": "11:00am-6:30pm",
    "Hours Friday": "9:00am-4:30pm",
    "Hours Saturday": "CLOSED",
    "Hours Sunday": "CLOSED",
    "Website": "",
    "Phone Number": "(212) 523-6500",
    "Address": "390 W 114th Street",
    "Building Floor Suite": "3rd Floor",
    "City": "NEW YORK",
    "Borough": "MANHATTAN",
    "Zip Code": 10025,
    "Latitude": 40.803842,
    "Longitude": -73.958096,
    "Intake": "Walk-ins welcome",
    "Low Cost": "FALSE",
    "Free": "TRUE"
  },
  {
    "Site ID": 38,
    "Agency ID": "Brooklyn Hospital Center",
    "Site Name": "Brooklyn Hospital Center - Path Center - Dekalb",
    "Hours Monday": "9:00 AM - 4:00 PM",
    "Hours Tuesday": "9:00 AM - 4:00 PM",
    "Hours Wednesday": "9:00 AM - 4:00 PM",
    "Hours Thursday": "9:00 AM - 4:00 PM",
    "Hours Friday": "9:00 AM - 4:00 PM",
    "Hours Saturday": "CLOSED",
    "Hours Sunday": "CLOSED",
    "Website": "www.tbh.org",
    "Phone Number": "(718) 250-6552",
    "Address": "121 Dekalb Ave.",
    "Building Floor Suite": "",
    "City": "BROOKLYN",
    "Borough": "BROOKLYN",
    "Zip Code": 11201,
    "Latitude": 40.689781,
    "Longitude": -73.977539,
    "Intake": "Walk-ins welcome",
    "Low Cost": "FALSE",
    "Free": "TRUE"
  },
  {
    "Site ID": 37,
    "Agency ID": "Bridging Access to Care",
    "Site Name": "Bridging Access to Care - Broadway/Williamsburg",
    "Hours Monday": "9am-5pm",
    "Hours Tuesday": "9am-5pm",
    "Hours Wednesday": "9am-5pm",
    "Hours Thursday": "9am-5pm",
    "Hours Friday": "9am-5pm",
    "Hours Saturday": "",
    "Hours Sunday": "",
    "Website": "http://www.bac-ny.org/ny/index.php/about-us/office-locations/broadway-williamsburg",
    "Phone Number": "347-505-5120",
    "Address": "260 Broadway",
    "Building Floor Suite": "4th Floor",
    "City": "BROOKLYN",
    "Borough": "BROOKLYN",
    "Zip Code": 11211,
    "Latitude": 40.708935,
    "Longitude": -73.959386,
    "Intake": "Walk-ins welcome",
    "Low Cost": "FALSE",
    "Free": "TRUE"
  },
  {
    "Site ID": 102,
    "Agency ID": "The Institute for Family Health",
    "Site Name": "IFH Walton Family Health Center",
    "Hours Monday": "8:30 AM - 7:30 PM",
    "Hours Tuesday": "8:30 AM - 4:30 PM",
    "Hours Wednesday": "8:30 AM - 4:30 PM",
    "Hours Thursday": "10:00 AM - 4:30 PM",
    "Hours Friday": "8:30 AM - 4:30 PM",
    "Hours Saturday": "Adults only: Sat: 8:30 AM - 3:00 PM",
    "Hours Sunday": "CLOSED",
    "Website": "",
    "Phone Number": "(718) 583-3060",
    "Address": "1894 Walton Avenue",
    "Building Floor Suite": "",
    "City": "BRONX",
    "Borough": "BRONX",
    "Zip Code": 10453,
    "Latitude": 40.849648,
    "Longitude": -73.909249,
    "Intake": "Walk-ins welcome",
    "Low Cost": "FALSE",
    "Free": "TRUE"
  },
  {
    "Site ID": 191,
    "Agency ID": "Promesa",
    "Site Name": "Promesa Claremont Family Health Center",
    "Hours Monday": "9:00 AM - 5:00 PM",
    "Hours Tuesday": "9:00 AM - 5:00 PM",
    "Hours Wednesday": "9:00 AM - 5:00 PM",
    "Hours Thursday": "9:00 AM - 5:00 PM",
    "Hours Friday": "9:00 AM - 5:00 PM",
    "Hours Saturday": "CLOSED",
    "Hours Sunday": "CLOSED",
    "Website": "",
    "Phone Number": "(718) 299-6910",
    "Address": "262 East 174th Street",
    "Building Floor Suite": "",
    "City": "BRONX",
    "Borough": "BRONX",
    "Zip Code": 10457,
    "Latitude": 40.844656,
    "Longitude": -73.906137,
    "Intake": "Walk-ins welcome",
    "Low Cost": "FALSE",
    "Free": "TRUE"
  },
  {
    "Site ID": 166,
    "Agency ID": "Morris Heights Health Center",
    "Site Name": "MHHC Women's Health Pavillion",
    "Hours Monday": "8:00AM - 8:00PM",
    "Hours Tuesday": "8:00 AM - 7:00 PM",
    "Hours Wednesday": "8:00 AM - 7:00 PM",
    "Hours Thursday": "8:00 AM - 7:00 PM",
    "Hours Friday": "8:00 AM - 7:00 PM",
    "Hours Saturday": "8:00 AM - 7:00 PM",
    "Hours Sunday": "CLOSED",
    "Website": "http://www.mhhc.org/locations/womens-health-and-birthing-pavilion/",
    "Phone Number": "(718) 716-2229",
    "Address": "70 West Burnside Avenue",
    "Building Floor Suite": "",
    "City": "BRONX",
    "Borough": "BRONX",
    "Zip Code": 10453,
    "Latitude": 40.854515,
    "Longitude": -73.910247,
    "Intake": "Walk-ins welcome",
    "Low Cost": "TRUE",
    "Free": "TRUE"
  },
  {
    "Site ID": 156,
    "Agency ID": "Montefiore Medical Center",
    "Site Name": "Montefiore South Bronx Health Center for Children and Families",
    "Hours Monday": "8:30 AM - 5:30 PM",
    "Hours Tuesday": "8:30 AM - 5:30 PM",
    "Hours Wednesday": "8:30 AM - 7:30 PM",
    "Hours Thursday": "8:30 AM - 5:30 PM",
    "Hours Friday": "1:00 PM - 5:00 PM",
    "Hours Saturday": "9:00 AM - 2:00 PM (Appointments Only)",
    "Hours Sunday": "CLOSED",
    "Website": "",
    "Phone Number": "(718) 991-0605",
    "Address": "871 Prospect Avenue",
    "Building Floor Suite": "",
    "City": "BRONX",
    "Borough": "BRONX",
    "Zip Code": 10459,
    "Latitude": 40.820676,
    "Longitude": -73.901221,
    "Intake": "Walk-ins welcome",
    "Low Cost": "FALSE",
    "Free": "TRUE"
  },
  {
    "Site ID": 114,
    "Agency ID": "NYC DOHMH STD Control",
    "Site Name": "Jamaica STD Clinic",
    "Hours Monday": "8:30 AM - 3:00 PM",
    "Hours Tuesday": "8:30 AM - 3:00 PM",
    "Hours Wednesday": "8:30 AM - 3:00 PM",
    "Hours Thursday": "8:30 AM - 3:00 PM",
    "Hours Friday": "8:30 AM - 3:00 PM",
    "Hours Saturday": "CLOSED",
    "Hours Sunday": "CLOSED",
    "Website": "",
    "Phone Number": "N/A",
    "Address": "90-37 Parsons Boulevard",
    "Building Floor Suite": "1st Floor",
    "City": "JAMAICA",
    "Borough": "QUEENS",
    "Zip Code": 11432,
    "Latitude": 40.703826,
    "Longitude": -73.800483,
    "Intake": "Walk-ins welcome",
    "Low Cost": "TRUE",
    "Free": "TRUE"
  },
  {
    "Site ID": 65,
    "Agency ID": "Community Healthcare Network",
    "Site Name": "Community Healthcare Network - Dr Betty Shabazz Health Center",
    "Hours Monday": "9:00AM - 5:00PM",
    "Hours Tuesday": "9:00 AM - 6:00 PM",
    "Hours Wednesday": "9:00 AM - 5:00 PM",
    "Hours Thursday": "9:00 AM - 6:00 PM",
    "Hours Friday": "9:00 AM - 5:00 PM",
    "Hours Saturday": "9:00AM - 4:00PM",
    "Hours Sunday": "CLOSED",
    "Website": "http://www.chnnyc.org/our-locations/dr-betty-shabazz-health-center",
    "Phone Number": "(718)-277-8303",
    "Address": "999 Blake Avenue",
    "Building Floor Suite": "",
    "City": "BROOKLYN",
    "Borough": "BROOKLYN",
    "Zip Code": 11208,
    "Latitude": 40.669839,
    "Longitude": -73.881365,
    "Intake": "Walk-ins welcome",
    "Low Cost": "TRUE",
    "Free": "TRUE"
  },
  {
    "Site ID": 70,
    "Agency ID": "Community Healthcare Network",
    "Site Name": "Community Healthcare Network - Queens Health Center",
    "Hours Monday": "10:00AM - 6:00PM",
    "Hours Tuesday": "9:00AM - 5:00PM",
    "Hours Wednesday": "9:00AM - 5:00PM",
    "Hours Thursday": "9:00AM - 5:00PM",
    "Hours Friday": "9:00AM - 5:00PM",
    "Hours Saturday": "8:30AM - 3:30PM",
    "Hours Sunday": "CLOSED",
    "Website": "http://www.chnnyc.org/our-locations/queens-health-center",
    "Phone Number": "(718)-657-7088",
    "Address": "97-04 Sutphin Boulevard",
    "Building Floor Suite": "1st Floor",
    "City": "JAMAICA",
    "Borough": "QUEENS",
    "Zip Code": 11435,
    "Latitude": 40.697162,
    "Longitude": -73.805689,
    "Intake": "Walk-ins welcome",
    "Low Cost": "TRUE",
    "Free": "TRUE"
  },
  {
    "Site ID": 381,
    "Agency ID": "Latino Commission on AIDS",
    "Site Name": "Latino Commission on AIDS",
    "Hours Monday": "9:30AM-7PM",
    "Hours Tuesday": "9:30AM-7PM",
    "Hours Wednesday": "9:30AM-7PM",
    "Hours Thursday": "9:30AM-7PM",
    "Hours Friday": "9:30AM -4PM",
    "Hours Saturday": "N/A",
    "Hours Sunday": "N/A",
    "Website": "",
    "Phone Number": "(212) 675-3288",
    "Address": "24 West, 25th Street",
    "Building Floor Suite": "9th Floor",
    "City": "NEW YORK",
    "Borough": "MANHATTAN",
    "Zip Code": 10010,
    "Latitude": 40.743383,
    "Longitude": -73.990004,
    "Intake": "Walk-ins welcome",
    "Low Cost": "FALSE",
    "Free": "TRUE"
  },
  {
    "Site ID": 334,
    "Agency ID": "Betances Health Center",
    "Site Name": "Betances Health Center",
    "Hours Monday": "10:00 AM- 4:30 PM",
    "Hours Tuesday": "10:00 AM- 4:30 PM",
    "Hours Wednesday": "10:00 AM- 4:30 PM",
    "Hours Thursday": "10:00 AM- 4:30 PM",
    "Hours Friday": "10:00 AM- 4:30 PM",
    "Hours Saturday": "CLOSED",
    "Hours Sunday": "CLOSED",
    "Website": "http://www.betances.org/",
    "Phone Number": "(212) 227-8401",
    "Address": "280 Henry Street",
    "Building Floor Suite": "",
    "City": "NEW YORK",
    "Borough": "MANHATTAN",
    "Zip Code": 10022,
    "Latitude": 40.71395,
    "Longitude": -73.983537,
    "Intake": "Walk-ins welcome",
    "Low Cost": "FALSE",
    "Free": "TRUE"
  },
  {
    "Site ID": 107,
    "Agency ID": "Interfaith Medical Center",
    "Site Name": "Interfaith Medical Center",
    "Hours Monday": "24 Hrs",
    "Hours Tuesday": "24 Hrs",
    "Hours Wednesday": "24 Hrs",
    "Hours Thursday": "24 Hrs",
    "Hours Friday": "24 Hrs",
    "Hours Saturday": "24 Hrs",
    "Hours Sunday": "24 Hrs",
    "Website": "",
    "Phone Number": "718-613-4000",
    "Address": "1545 Atlantic Avenue",
    "Building Floor Suite": "Emergency Department",
    "City": "BROOKLYN",
    "Borough": "BROOKLYN",
    "Zip Code": 11213,
    "Latitude": 40.677788,
    "Longitude": -73.937041,
    "Intake": "Walk-ins welcome",
    "Low Cost": "FALSE",
    "Free": "TRUE"
  },
  {
    "Site ID": 66,
    "Agency ID": "Community Healthcare Network",
    "Site Name": "Community Healthcare Network - Family Health Center",
    "Hours Monday": "10:00 AM - 6:00 PM",
    "Hours Tuesday": "11:00 AM- 7:00 PM",
    "Hours Wednesday": "9:00 AM - 5:00 PM",
    "Hours Thursday": "9:00 AM - 5:00 PM",
    "Hours Friday": "9:00 AM - 5:00 PM",
    "Hours Saturday": "8:30 AM - 3:30 PM",
    "Hours Sunday": "CLOSED",
    "Website": "http://www.chnnyc.org/our-locations/family-health-center",
    "Phone Number": "(718)-523-2123",
    "Address": "90-04 161st Street",
    "Building Floor Suite": "5th Floor",
    "City": "JAMAICA",
    "Borough": "QUEENS",
    "Zip Code": 11432,
    "Latitude": 40.705199,
    "Longitude": -73.799278,
    "Intake": "Walk-ins welcome",
    "Low Cost": "TRUE",
    "Free": "TRUE"
  },
  {
    "Site ID": 534,
    "Agency ID": "Community Health Action of Staten Island (CHASI)",
    "Site Name": "Community Health Action of Staten Island- Community Food Pantry",
    "Hours Monday": "9:00AM - 4:00PM",
    "Hours Tuesday": "9:00AM - 4:00PM",
    "Hours Wednesday": "9:00AM - 4:00PM",
    "Hours Thursday": "9:00AM - 4:00PM",
    "Hours Friday": "9:00AM - 4:00PM",
    "Hours Saturday": "9:00AM - 4:00PM",
    "Hours Sunday": "",
    "Website": "http://chasiny.org",
    "Phone Number": "718-818-1840 / 718-818-1311",
    "Address": "2134 Richmond Terrace",
    "Building Floor Suite": "",
    "City": "STATEN ISLAND",
    "Borough": "STATEN ISLAND",
    "Zip Code": 10302,
    "Latitude": 40.640285,
    "Longitude": -74.134166,
    "Intake": "Walk-ins welcome",
    "Low Cost": "FALSE",
    "Free": "TRUE"
  },
  {
    "Site ID": 98,
    "Agency ID": "HHC Ida G. Israel Community Health Center",
    "Site Name": "HHC Ida G. Israel Community Health Center",
    "Hours Monday": "8:30 AM - 7:00 PM",
    "Hours Tuesday": "8:30 AM - 5:00 PM",
    "Hours Wednesday": "8:30 AM - 5:00 PM",
    "Hours Thursday": "8:30 AM - 5:00 PM",
    "Hours Friday": "8:30 AM - 5:00 PM",
    "Hours Saturday": "8:30 AM - 1:00 PM",
    "Hours Sunday": "CLOSED",
    "Website": "",
    "Phone Number": "(718) 946-3400",
    "Address": "2201 Neptune Avenue",
    "Building Floor Suite": "",
    "City": "BROOKLYN",
    "Borough": "BROOKLYN",
    "Zip Code": 11224,
    "Latitude": 40.578468,
    "Longitude": -73.989614,
    "Intake": "Walk-ins welcome",
    "Low Cost": "TRUE",
    "Free": "TRUE"
  },
  {
    "Site ID": 13,
    "Agency ID": "AIDS Center of Queens County",
    "Site Name": "AIDS Center of Queens County - Main",
    "Hours Monday": "CLOSED",
    "Hours Tuesday": "10:00 AM - 4:00 PM",
    "Hours Wednesday": "10:00 AM - 4:00 PM",
    "Hours Thursday": "CLOSED",
    "Hours Friday": "10:00 AM - 4:00 PM",
    "Hours Saturday": "CLOSED",
    "Hours Sunday": "CLOSED",
    "Website": "http://www.acqc.org/",
    "Phone Number": "(718) 896-2500",
    "Address": "161-21 Jamaica Avenue",
    "Building Floor Suite": "6th Floor",
    "City": "QUEENS",
    "Borough": "QUEENS",
    "Zip Code": 11432,
    "Latitude": 40.704249,
    "Longitude": -73.797921,
    "Intake": "Walk-ins welcome",
    "Low Cost": "FALSE",
    "Free": "TRUE"
  },
  {
    "Site ID": 508,
    "Agency ID": "Community Healthcare Network",
    "Site Name": "Community Healthcare Network - Mobile Unit",
    "Hours Monday": "CLOSED",
    "Hours Tuesday": "1:00PM - 9:00PM",
    "Hours Wednesday": "CLOSED",
    "Hours Thursday": "12:00PM - 8:00PM",
    "Hours Friday": "1:00PM - 9:00PM",
    "Hours Saturday": "CLOSED",
    "Hours Sunday": "CLOSED",
    "Website": "http://www.chnnyc.org/find-us/mobile-van, https://www.facebook.com/CommunityHealthcareNetwork, https://www.twitter.com/chnnyc",
    "Phone Number": "(212) 545-2495",
    "Address": "",
    "Building Floor Suite": "",
    "City": "",
    "Borough": "",
    "Zip Code": "",
    "Latitude": "",
    "Longitude": "",
    "Intake": "Walk-ins welcome",
    "Low Cost": "TRUE",
    "Free": "TRUE"
  },
  {
    "Site ID": 169,
    "Agency ID": "NYC DOHMH STD Control",
    "Site Name": "Morrisania STD Clinic",
    "Hours Monday": "8:30 AM - 3:30 PM",
    "Hours Tuesday": "8:30 AM - 3:30 PM",
    "Hours Wednesday": "8:30 AM - 3:30 PM",
    "Hours Thursday": "8:30 AM - 3:30 PM",
    "Hours Friday": "8:30 AM - 3:30 PM",
    "Hours Saturday": "CLOSED",
    "Hours Sunday": "CLOSED",
    "Website": "",
    "Phone Number": "N/A",
    "Address": "1309 Fulton Avenue",
    "Building Floor Suite": "2nd Floor",
    "City": "BRONX",
    "Borough": "BRONX",
    "Zip Code": 10456,
    "Latitude": 40.832853,
    "Longitude": -73.903028,
    "Intake": "Walk-ins welcome",
    "Low Cost": "TRUE",
    "Free": "TRUE"
  },
  {
    "Site ID": 36,
    "Agency ID": "Bridging Access to Care",
    "Site Name": "Bridging Access to Care - Church Avenue/Flatbush",
    "Hours Monday": "9am-5pm",
    "Hours Tuesday": "9am-5pm",
    "Hours Wednesday": "9am-5pm",
    "Hours Thursday": "9am-5pm",
    "Hours Friday": "9am-5pm",
    "Hours Saturday": "",
    "Hours Sunday": "",
    "Website": "http://www.bac-ny.org/ny/index.php/about-us/office-locations/church-avenue-flatbush",
    "Phone Number": "347-505-5176",
    "Address": "2261 Church Avenue",
    "Building Floor Suite": "",
    "City": "BROOKLYN",
    "Borough": "BROOKLYN",
    "Zip Code": 11226,
    "Latitude": 40.650448,
    "Longitude": -73.957663,
    "Intake": "Walk-ins welcome",
    "Low Cost": "FALSE",
    "Free": "TRUE"
  },
  {
    "Site ID": 132,
    "Agency ID": "NYU Lutheran Medical Center",
    "Site Name": "Lutheran Medical Center - Sunset Park Terrace/Women's Health Achieve Clinic",
    "Hours Monday": "8:30 AM - 7:00 PM",
    "Hours Tuesday": "8:30 AM - 7:00 PM",
    "Hours Wednesday": "8:30 AM - 7:00 PM",
    "Hours Thursday": "8:30 AM - 7:00 PM",
    "Hours Friday": "8:30 AM - 7:00 PM",
    "Hours Saturday": "9:00 AM - 4:00 PM",
    "Hours Sunday": "CLOSED",
    "Website": "",
    "Phone Number": "(718) 630-6891",
    "Address": "5610 2nd Avenue",
    "Building Floor Suite": "",
    "City": "BROOKLYN",
    "Borough": "BROOKLYN",
    "Zip Code": 11220,
    "Latitude": 40.645615,
    "Longitude": -74.020554,
    "Intake": "Walk-ins welcome",
    "Low Cost": "FALSE",
    "Free": "TRUE"
  },
  {
    "Site ID": 129,
    "Agency ID": "NYU Lutheran Medical Center",
    "Site Name": "Lutheran Medical Center - Park Slope Family Health Center",
    "Hours Monday": "8:30 AM - 5:00 PM",
    "Hours Tuesday": "8:30 AM - 8:00 PM",
    "Hours Wednesday": "8:30 AM - 8:00 PM",
    "Hours Thursday": "8:30 AM - 8:00 PM",
    "Hours Friday": "8:30 AM - 5:00 PM",
    "Hours Saturday": "8:30 AM - 4:30 PM",
    "Hours Sunday": "CLOSED",
    "Website": "",
    "Phone Number": "(718) 832-5980",
    "Address": "220 13th Street",
    "Building Floor Suite": "",
    "City": "BROOKLYN",
    "Borough": "BROOKLYN",
    "Zip Code": 11215,
    "Latitude": 40.667602,
    "Longitude": -73.990051,
    "Intake": "Walk-ins welcome",
    "Low Cost": "FALSE",
    "Free": "TRUE"
  },
  {
    "Site ID": 784,
    "Agency ID": "Community Healthcare Network",
    "Site Name": "Community Healthcare Network-- Tremont Health Center",
    "Hours Monday": "9:00 AM- 5:00 PM",
    "Hours Tuesday": "11:00 AM -7:00 PM",
    "Hours Wednesday": "9:00 AM- 5:00 PM",
    "Hours Thursday": "9:00 AM- 5:00 PM",
    "Hours Friday": "9:00 AM- 5:00 PM",
    "Hours Saturday": "8:30 AM- 3:30 PM",
    "Hours Sunday": "",
    "Website": "",
    "Phone Number": "718-294-5891",
    "Address": "4215 3rd Avenue",
    "Building Floor Suite": "2nd Floor",
    "City": "Bronx",
    "Borough": "BRONX",
    "Zip Code": 10457,
    "Latitude": 40.846917,
    "Longitude": -73.89606,
    "Intake": "Walk-ins welcome",
    "Low Cost": "TRUE",
    "Free": "TRUE"
  },
  {
    "Site ID": 785,
    "Agency ID": "Community Healthcare Network",
    "Site Name": "Community Healthcare Network- CABS Health Center",
    "Hours Monday": "9:00 AM - 5:00 PM",
    "Hours Tuesday": "10:00 AM- 6:00 PM",
    "Hours Wednesday": "10:00 AM- 6:00 PM",
    "Hours Thursday": "9:00 AM - 5:00 PM",
    "Hours Friday": "9:00 AM - 5:00 PM",
    "Hours Saturday": "9:00 AM- 4:00 PM",
    "Hours Sunday": "",
    "Website": "",
    "Phone Number": "718-388-0390",
    "Address": "94-98 Manhattan Avenue",
    "Building Floor Suite": "",
    "City": "Brooklyn",
    "Borough": "BROOKLYN",
    "Zip Code": 11206,
    "Latitude": 40.70552,
    "Longitude": -73.94464,
    "Intake": "Walk-ins welcome",
    "Low Cost": "TRUE",
    "Free": "TRUE"
  }
]
